2026-06-06 11:59:00,732 INFO  [restartedMain] o.s.b.StartupInfoLogger: Starting GoldenhosewarehouseApplication using Java 17.0.17 with PID 21424 (E:\Data Journey\Subjects\Data Warehous\project\code\goldenhosewarehouse\goldenhosewarehouse\target\classes started by thbea in E:\Data Journey\Subjects\Data Warehous\project\code\goldenhosewarehouse\goldenhosewarehouse)
2026-06-06 11:59:00,737 INFO  [restartedMain] o.s.b.SpringApplication: No active profile set, falling back to 1 default profile: "default"
2026-06-06 11:59:00,781 INFO  [restartedMain] o.s.b.l.DeferredLog: Devtools property defaults active! Set 'spring.devtools.add-properties' to 'false' to disable
2026-06-06 11:59:00,781 INFO  [restartedMain] o.s.b.l.DeferredLog: For additional web related logging consider setting the 'logging.level.web' property to 'DEBUG'
2026-06-06 11:59:01,544 INFO  [restartedMain] o.s.d.r.c.RepositoryConfigurationDelegate: Bootstrapping Spring Data Reactive Cassandra repositories in DEFAULT mode.
2026-06-06 11:59:01,604 INFO  [restartedMain] o.s.d.r.c.RepositoryConfigurationDelegate: Finished Spring Data repository scanning in 55 ms. Found 0 Reactive Cassandra repository interfaces.
2026-06-06 11:59:01,668 INFO  [restartedMain] o.s.d.r.c.RepositoryConfigurationDelegate: Bootstrapping Spring Data Cassandra repositories in DEFAULT mode.
2026-06-06 11:59:01,704 INFO  [restartedMain] o.s.d.r.c.RepositoryConfigurationDelegate: Finished Spring Data repository scanning in 36 ms. Found 1 Cassandra repository interface.
2026-06-06 11:59:02,362 INFO  [restartedMain] o.s.b.w.e.t.TomcatWebServer: Tomcat initialized with port 8080 (http)
2026-06-06 11:59:02,373 INFO  [restartedMain] o.a.j.l.DirectJDKLog: Initializing ProtocolHandler ["http-nio-8080"]
2026-06-06 11:59:02,377 INFO  [restartedMain] o.a.j.l.DirectJDKLog: Starting service [Tomcat]
2026-06-06 11:59:02,378 INFO  [restartedMain] o.a.j.l.DirectJDKLog: Starting Servlet engine: [Apache Tomcat/10.1.30]
2026-06-06 11:59:02,445 INFO  [restartedMain] o.a.j.l.DirectJDKLog: Initializing Spring embedded WebApplicationContext
2026-06-06 11:59:02,445 INFO  [restartedMain] o.s.b.w.s.c.ServletWebServerApplicationContext: Root WebApplicationContext: initialization completed in 1664 ms
2026-06-06 11:59:02,537 INFO  [restartedMain] c.d.o.d.i.c.DefaultMavenCoordinates: Apache Cassandra Java Driver (org.apache.cassandra:java-driver-core) version 4.18.1
2026-06-06 11:59:02,861 INFO  [restartedMain] o.s.b.d.a.OptionalLiveReloadServer: LiveReload server is running on port 35729
2026-06-06 11:59:03,362 INFO  [restartedMain] c.d.o.d.i.c.c.CqlPrepareAsyncProcessor: Adding handler to invalidate cached prepared statements on type changes
2026-06-06 11:59:03,668 INFO  [s0-admin-0] c.d.o.d.i.c.t.Clock: Using native clock for microsecond precision
2026-06-06 11:59:06,205 WARN  [restartedMain] o.s.c.s.AbstractApplicationContext: Exception encountered during context initialization - cancelling refresh attempt: org.springframework.beans.factory.UnsatisfiedDependencyException: Error creating bean with name 'assetController' defined in file [E:\Data Journey\Subjects\Data Warehous\project\code\goldenhosewarehouse\goldenhosewarehouse\target\classes\com\example\goldenhosewarehouse\api\web\AssetController.class]: Unsatisfied dependency expressed through constructor parameter 0: Error creating bean with name 'assetServiceImpl' defined in file [E:\Data Journey\Subjects\Data Warehous\project\code\goldenhosewarehouse\goldenhosewarehouse\target\classes\com\example\goldenhosewarehouse\dal\service\impl\AssetServiceImpl.class]: Unsatisfied dependency expressed through constructor parameter 0: Error creating bean with name 'assetRepositoryImpl' defined in file [E:\Data Journey\Subjects\Data Warehous\project\code\goldenhosewarehouse\goldenhosewarehouse\target\classes\com\example\goldenhosewarehouse\dal\persistence\AssetRepositoryImpl.class]: Unsatisfied dependency expressed through constructor parameter 0: Error creating bean with name 'cassandraTemplate' defined in class path resource [org/springframework/boot/autoconfigure/data/cassandra/CassandraDataAutoConfiguration.class]: Unsatisfied dependency expressed through method 'cassandraTemplate' parameter 0: Error creating bean with name 'cassandraSessionFactory' defined in class path resource [org/springframework/boot/autoconfigure/data/cassandra/CassandraDataAutoConfiguration.class]: Error creating bean with name 'cassandraSession' defined in class path resource [org/springframework/boot/autoconfigure/cassandra/CassandraAutoConfiguration.class]: Failed to instantiate [com.datastax.oss.driver.api.core.CqlSession]: Factory method 'cassandraSession' threw exception with message: Invalid keyspace acme_productions
2026-06-06 11:59:06,209 INFO  [restartedMain] o.a.j.l.DirectJDKLog: Stopping service [Tomcat]
2026-06-06 11:59:06,224 INFO  [restartedMain] o.s.b.a.l.ConditionEvaluationReportLogger: 

Error starting ApplicationContext. To display the condition evaluation report re-run your application with 'debug' enabled.
2026-06-06 11:59:06,246 ERROR [restartedMain] o.s.b.SpringApplication: Application run failed
org.springframework.beans.factory.UnsatisfiedDependencyException: Error creating bean with name 'assetController' defined in file [E:\Data Journey\Subjects\Data Warehous\project\code\goldenhosewarehouse\goldenhosewarehouse\target\classes\com\example\goldenhosewarehouse\api\web\AssetController.class]: Unsatisfied dependency expressed through constructor parameter 0: Error creating bean with name 'assetServiceImpl' defined in file [E:\Data Journey\Subjects\Data Warehous\project\code\goldenhosewarehouse\goldenhosewarehouse\target\classes\com\example\goldenhosewarehouse\dal\service\impl\AssetServiceImpl.class]: Unsatisfied dependency expressed through constructor parameter 0: Error creating bean with name 'assetRepositoryImpl' defined in file [E:\Data Journey\Subjects\Data Warehous\project\code\goldenhosewarehouse\goldenhosewarehouse\target\classes\com\example\goldenhosewarehouse\dal\persistence\AssetRepositoryImpl.class]: Unsatisfied dependency expressed through constructor parameter 0: Error creating bean with name 'cassandraTemplate' defined in class path resource [org/springframework/boot/autoconfigure/data/cassandra/CassandraDataAutoConfiguration.class]: Unsatisfied dependency expressed through method 'cassandraTemplate' parameter 0: Error creating bean with name 'cassandraSessionFactory' defined in class path resource [org/springframework/boot/autoconfigure/data/cassandra/CassandraDataAutoConfiguration.class]: Error creating bean with name 'cassandraSession' defined in class path resource [org/springframework/boot/autoconfigure/cassandra/CassandraAutoConfiguration.class]: Failed to instantiate [com.datastax.oss.driver.api.core.CqlSession]: Factory method 'cassandraSession' threw exception with message: Invalid keyspace acme_productions
	at org.springframework.beans.factory.support.ConstructorResolver.createArgumentArray(ConstructorResolver.java:795)
	at org.springframework.beans.factory.support.ConstructorResolver.autowireConstructor(ConstructorResolver.java:237)
	at org.springframework.beans.factory.support.AbstractAutowireCapableBeanFactory.autowireConstructor(AbstractAutowireCapableBeanFactory.java:1375)
	at org.springframework.beans.factory.support.AbstractAutowireCapableBeanFactory.createBeanInstance(AbstractAutowireCapableBeanFactory.java:1212)
	at org.springframework.beans.factory.support.AbstractAutowireCapableBeanFactory.doCreateBean(AbstractAutowireCapableBeanFactory.java:562)
	at org.springframework.beans.factory.support.AbstractAutowireCapableBeanFactory.createBean(AbstractAutowireCapableBeanFactory.java:522)
	at org.springframework.beans.factory.support.AbstractBeanFactory.lambda$doGetBean$0(AbstractBeanFactory.java:337)
	at org.springframework.beans.factory.support.DefaultSingletonBeanRegistry.getSingleton(DefaultSingletonBeanRegistry.java:234)
	at org.springframework.beans.factory.support.AbstractBeanFactory.doGetBean(AbstractBeanFactory.java:335)
	at org.springframework.beans.factory.support.AbstractBeanFactory.getBean(AbstractBeanFactory.java:200)
	at org.springframework.beans.factory.support.DefaultListableBeanFactory.preInstantiateSingletons(DefaultListableBeanFactory.java:975)
	at org.springframework.context.support.AbstractApplicationContext.finishBeanFactoryInitialization(AbstractApplicationContext.java:971)
	at org.springframework.context.support.AbstractApplicationContext.refresh(AbstractApplicationContext.java:625)
	at org.springframework.boot.web.servlet.context.ServletWebServerApplicationContext.refresh(ServletWebServerApplicationContext.java:146)
	at org.springframework.boot.SpringApplication.refresh(SpringApplication.java:754)
	at org.springframework.boot.SpringApplication.refreshContext(SpringApplication.java:456)
	at org.springframework.boot.SpringApplication.run(SpringApplication.java:335)
	at org.springframework.boot.SpringApplication.run(SpringApplication.java:1363)
	at org.springframework.boot.SpringApplication.run(SpringApplication.java:1352)
	at com.example.goldenhosewarehouse.GoldenhosewarehouseApplication.main(GoldenhosewarehouseApplication.java:10)
	at java.base/jdk.internal.reflect.NativeMethodAccessorImpl.invoke0(Native Method)
	at java.base/jdk.internal.reflect.NativeMethodAccessorImpl.invoke(NativeMethodAccessorImpl.java:77)
	at java.base/jdk.internal.reflect.DelegatingMethodAccessorImpl.invoke(DelegatingMethodAccessorImpl.java:43)
	at java.base/java.lang.reflect.Method.invoke(Method.java:568)
	at org.springframework.boot.devtools.restart.RestartLauncher.run(RestartLauncher.java:50)
Caused by: org.springframework.beans.factory.UnsatisfiedDependencyException: Error creating bean with name 'assetServiceImpl' defined in file [E:\Data Journey\Subjects\Data Warehous\project\code\goldenhosewarehouse\goldenhosewarehouse\target\classes\com\example\goldenhosewarehouse\dal\service\impl\AssetServiceImpl.class]: Unsatisfied dependency expressed through constructor parameter 0: Error creating bean with name 'assetRepositoryImpl' defined in file [E:\Data Journey\Subjects\Data Warehous\project\code\goldenhosewarehouse\goldenhosewarehouse\target\classes\com\example\goldenhosewarehouse\dal\persistence\AssetRepositoryImpl.class]: Unsatisfied dependency expressed through constructor parameter 0: Error creating bean with name 'cassandraTemplate' defined in class path resource [org/springframework/boot/autoconfigure/data/cassandra/CassandraDataAutoConfiguration.class]: Unsatisfied dependency expressed through method 'cassandraTemplate' parameter 0: Error creating bean with name 'cassandraSessionFactory' defined in class path resource [org/springframework/boot/autoconfigure/data/cassandra/CassandraDataAutoConfiguration.class]: Error creating bean with name 'cassandraSession' defined in class path resource [org/springframework/boot/autoconfigure/cassandra/CassandraAutoConfiguration.class]: Failed to instantiate [com.datastax.oss.driver.api.core.CqlSession]: Factory method 'cassandraSession' threw exception with message: Invalid keyspace acme_productions
	at org.springframework.beans.factory.support.ConstructorResolver.createArgumentArray(ConstructorResolver.java:795)
	at org.springframework.beans.factory.support.ConstructorResolver.autowireConstructor(ConstructorResolver.java:237)
	at org.springframework.beans.factory.support.AbstractAutowireCapableBeanFactory.autowireConstructor(AbstractAutowireCapableBeanFactory.java:1375)
	at org.springframework.beans.factory.support.AbstractAutowireCapableBeanFactory.createBeanInstance(AbstractAutowireCapableBeanFactory.java:1212)
	at org.springframework.beans.factory.support.AbstractAutowireCapableBeanFactory.doCreateBean(AbstractAutowireCapableBeanFactory.java:562)
	at org.springframework.beans.factory.support.AbstractAutowireCapableBeanFactory.createBean(AbstractAutowireCapableBeanFactory.java:522)
	at org.springframework.beans.factory.support.AbstractBeanFactory.lambda$doGetBean$0(AbstractBeanFactory.java:337)
	at org.springframework.beans.factory.support.DefaultSingletonBeanRegistry.getSingleton(DefaultSingletonBeanRegistry.java:234)
	at org.springframework.beans.factory.support.AbstractBeanFactory.doGetBean(AbstractBeanFactory.java:335)
	at org.springframework.beans.factory.support.AbstractBeanFactory.getBean(AbstractBeanFactory.java:200)
	at org.springframework.beans.factory.config.DependencyDescriptor.resolveCandidate(DependencyDescriptor.java:254)
	at org.springframework.beans.factory.support.DefaultListableBeanFactory.doResolveDependency(DefaultListableBeanFactory.java:1443)
	at org.springframework.beans.factory.support.DefaultListableBeanFactory.resolveDependency(DefaultListableBeanFactory.java:1353)
	at org.springframework.beans.factory.support.ConstructorResolver.resolveAutowiredArgument(ConstructorResolver.java:904)
	at org.springframework.beans.factory.support.ConstructorResolver.createArgumentArray(ConstructorResolver.java:782)
	... 24 common frames omitted
Caused by: org.springframework.beans.factory.UnsatisfiedDependencyException: Error creating bean with name 'assetRepositoryImpl' defined in file [E:\Data Journey\Subjects\Data Warehous\project\code\goldenhosewarehouse\goldenhosewarehouse\target\classes\com\example\goldenhosewarehouse\dal\persistence\AssetRepositoryImpl.class]: Unsatisfied dependency expressed through constructor parameter 0: Error creating bean with name 'cassandraTemplate' defined in class path resource [org/springframework/boot/autoconfigure/data/cassandra/CassandraDataAutoConfiguration.class]: Unsatisfied dependency expressed through method 'cassandraTemplate' parameter 0: Error creating bean with name 'cassandraSessionFactory' defined in class path resource [org/springframework/boot/autoconfigure/data/cassandra/CassandraDataAutoConfiguration.class]: Error creating bean with name 'cassandraSession' defined in class path resource [org/springframework/boot/autoconfigure/cassandra/CassandraAutoConfiguration.class]: Failed to instantiate [com.datastax.oss.driver.api.core.CqlSession]: Factory method 'cassandraSession' threw exception with message: Invalid keyspace acme_productions
	at org.springframework.beans.factory.support.ConstructorResolver.createArgumentArray(ConstructorResolver.java:795)
	at org.springframework.beans.factory.support.ConstructorResolver.autowireConstructor(ConstructorResolver.java:237)
	at org.springframework.beans.factory.support.AbstractAutowireCapableBeanFactory.autowireConstructor(AbstractAutowireCapableBeanFactory.java:1375)
	at org.springframework.beans.factory.support.AbstractAutowireCapableBeanFactory.createBeanInstance(AbstractAutowireCapableBeanFactory.java:1212)
	at org.springframework.beans.factory.support.AbstractAutowireCapableBeanFactory.doCreateBean(AbstractAutowireCapableBeanFactory.java:562)
	at org.springframework.beans.factory.support.AbstractAutowireCapableBeanFactory.createBean(AbstractAutowireCapableBeanFactory.java:522)
	at org.springframework.beans.factory.support.AbstractBeanFactory.lambda$doGetBean$0(AbstractBeanFactory.java:337)
	at org.springframework.beans.factory.support.DefaultSingletonBeanRegistry.getSingleton(DefaultSingletonBeanRegistry.java:234)
	at org.springframework.beans.factory.support.AbstractBeanFactory.doGetBean(AbstractBeanFactory.java:335)
	at org.springframework.beans.factory.support.AbstractBeanFactory.getBean(AbstractBeanFactory.java:200)
	at org.springframework.beans.factory.config.DependencyDescriptor.resolveCandidate(DependencyDescriptor.java:254)
	at org.springframework.beans.factory.support.DefaultListableBeanFactory.doResolveDependency(DefaultListableBeanFactory.java:1443)
	at org.springframework.beans.factory.support.DefaultListableBeanFactory.resolveDependency(DefaultListableBeanFactory.java:1353)
	at org.springframework.beans.factory.support.ConstructorResolver.resolveAutowiredArgument(ConstructorResolver.java:904)
	at org.springframework.beans.factory.support.ConstructorResolver.createArgumentArray(ConstructorResolver.java:782)
	... 38 common frames omitted
Caused by: org.springframework.beans.factory.UnsatisfiedDependencyException: Error creating bean with name 'cassandraTemplate' defined in class path resource [org/springframework/boot/autoconfigure/data/cassandra/CassandraDataAutoConfiguration.class]: Unsatisfied dependency expressed through method 'cassandraTemplate' parameter 0: Error creating bean with name 'cassandraSessionFactory' defined in class path resource [org/springframework/boot/autoconfigure/data/cassandra/CassandraDataAutoConfiguration.class]: Error creating bean with name 'cassandraSession' defined in class path resource [org/springframework/boot/autoconfigure/cassandra/CassandraAutoConfiguration.class]: Failed to instantiate [com.datastax.oss.driver.api.core.CqlSession]: Factory method 'cassandraSession' threw exception with message: Invalid keyspace acme_productions
	at org.springframework.beans.factory.support.ConstructorResolver.createArgumentArray(ConstructorResolver.java:795)
	at org.springframework.beans.factory.support.ConstructorResolver.instantiateUsingFactoryMethod(ConstructorResolver.java:542)
	at org.springframework.beans.factory.support.AbstractAutowireCapableBeanFactory.instantiateUsingFactoryMethod(AbstractAutowireCapableBeanFactory.java:1355)
	at org.springframework.beans.factory.support.AbstractAutowireCapableBeanFactory.createBeanInstance(AbstractAutowireCapableBeanFactory.java:1185)
	at org.springframework.beans.factory.support.AbstractAutowireCapableBeanFactory.doCreateBean(AbstractAutowireCapableBeanFactory.java:562)
	at org.springframework.beans.factory.support.AbstractAutowireCapableBeanFactory.createBean(AbstractAutowireCapableBeanFactory.java:522)
	at org.springframework.beans.factory.support.AbstractBeanFactory.lambda$doGetBean$0(AbstractBeanFactory.java:337)
	at org.springframework.beans.factory.support.DefaultSingletonBeanRegistry.getSingleton(DefaultSingletonBeanRegistry.java:234)
	at org.springframework.beans.factory.support.AbstractBeanFactory.doGetBean(AbstractBeanFactory.java:335)
	at org.springframework.beans.factory.support.AbstractBeanFactory.getBean(AbstractBeanFactory.java:200)
	at org.springframework.beans.factory.config.DependencyDescriptor.resolveCandidate(DependencyDescriptor.java:254)
	at org.springframework.beans.factory.support.DefaultListableBeanFactory.doResolveDependency(DefaultListableBeanFactory.java:1443)
	at org.springframework.beans.factory.support.DefaultListableBeanFactory.resolveDependency(DefaultListableBeanFactory.java:1353)
	at org.springframework.beans.factory.support.ConstructorResolver.resolveAutowiredArgument(ConstructorResolver.java:904)
	at org.springframework.beans.factory.support.ConstructorResolver.createArgumentArray(ConstructorResolver.java:782)
	... 52 common frames omitted
Caused by: org.springframework.beans.factory.BeanCreationException: Error creating bean with name 'cassandraSessionFactory' defined in class path resource [org/springframework/boot/autoconfigure/data/cassandra/CassandraDataAutoConfiguration.class]: Error creating bean with name 'cassandraSession' defined in class path resource [org/springframework/boot/autoconfigure/cassandra/CassandraAutoConfiguration.class]: Failed to instantiate [com.datastax.oss.driver.api.core.CqlSession]: Factory method 'cassandraSession' threw exception with message: Invalid keyspace acme_productions
	at org.springframework.beans.factory.support.AbstractAutowireCapableBeanFactory.initializeBean(AbstractAutowireCapableBeanFactory.java:1806)
	at org.springframework.beans.factory.support.AbstractAutowireCapableBeanFactory.doCreateBean(AbstractAutowireCapableBeanFactory.java:600)
	at org.springframework.beans.factory.support.AbstractAutowireCapableBeanFactory.createBean(AbstractAutowireCapableBeanFactory.java:522)
	at org.springframework.beans.factory.support.AbstractBeanFactory.lambda$doGetBean$0(AbstractBeanFactory.java:337)
	at org.springframework.beans.factory.support.DefaultSingletonBeanRegistry.getSingleton(DefaultSingletonBeanRegistry.java:234)
	at org.springframework.beans.factory.support.AbstractBeanFactory.doGetBean(AbstractBeanFactory.java:335)
	at org.springframework.beans.factory.support.AbstractBeanFactory.getBean(AbstractBeanFactory.java:200)
	at org.springframework.beans.factory.config.DependencyDescriptor.resolveCandidate(DependencyDescriptor.java:254)
	at org.springframework.beans.factory.support.DefaultListableBeanFactory.doResolveDependency(DefaultListableBeanFactory.java:1443)
	at org.springframework.beans.factory.support.DefaultListableBeanFactory.resolveDependency(DefaultListableBeanFactory.java:1353)
	at org.springframework.beans.factory.support.ConstructorResolver.resolveAutowiredArgument(ConstructorResolver.java:904)
	at org.springframework.beans.factory.support.ConstructorResolver.createArgumentArray(ConstructorResolver.java:782)
	... 66 common frames omitted
Caused by: org.springframework.beans.factory.BeanCreationException: Error creating bean with name 'cassandraSession' defined in class path resource [org/springframework/boot/autoconfigure/cassandra/CassandraAutoConfiguration.class]: Failed to instantiate [com.datastax.oss.driver.api.core.CqlSession]: Factory method 'cassandraSession' threw exception with message: Invalid keyspace acme_productions
	at org.springframework.beans.factory.support.ConstructorResolver.instantiate(ConstructorResolver.java:648)
	at org.springframework.beans.factory.support.ConstructorResolver.instantiateUsingFactoryMethod(ConstructorResolver.java:636)
	at org.springframework.beans.factory.support.AbstractAutowireCapableBeanFactory.instantiateUsingFactoryMethod(AbstractAutowireCapableBeanFactory.java:1355)
	at org.springframework.beans.factory.support.AbstractAutowireCapableBeanFactory.createBeanInstance(AbstractAutowireCapableBeanFactory.java:1185)
	at org.springframework.beans.factory.support.AbstractAutowireCapableBeanFactory.doCreateBean(AbstractAutowireCapableBeanFactory.java:562)
	at org.springframework.beans.factory.support.AbstractAutowireCapableBeanFactory.createBean(AbstractAutowireCapableBeanFactory.java:522)
	at org.springframework.beans.factory.support.AbstractBeanFactory.lambda$doGetBean$0(AbstractBeanFactory.java:337)
	at org.springframework.beans.factory.support.DefaultSingletonBeanRegistry.getSingleton(DefaultSingletonBeanRegistry.java:234)
	at org.springframework.beans.factory.support.AbstractBeanFactory.doGetBean(AbstractBeanFactory.java:335)
	at org.springframework.beans.factory.support.AbstractBeanFactory.getBean(AbstractBeanFactory.java:200)
	at org.springframework.beans.factory.config.DependencyDescriptor.resolveCandidate(DependencyDescriptor.java:254)
	at org.springframework.beans.factory.support.DefaultListableBeanFactory.doResolveDependency(DefaultListableBeanFactory.java:1443)
	at org.springframework.context.annotation.ContextAnnotationAutowireCandidateResolver$1.getTarget(ContextAnnotationAutowireCandidateResolver.java:103)
	at org.springframework.aop.framework.JdkDynamicAopProxy.invoke(JdkDynamicAopProxy.java:203)
	at jdk.proxy3/jdk.proxy3.$Proxy69.getContext(Unknown Source)
	at org.springframework.boot.autoconfigure.data.cassandra.CassandraDataAutoConfiguration.lambda$cassandraConverter$0(CassandraDataAutoConfiguration.java:100)
	at org.springframework.data.util.Lazy.getNullable(Lazy.java:135)
	at org.springframework.data.util.Lazy.get(Lazy.java:113)
	at org.springframework.data.cassandra.core.convert.MappingCassandraConverter.getCodecRegistry(MappingCassandraConverter.java:264)
	at org.springframework.data.cassandra.core.convert.DefaultColumnTypeResolver.getCodecRegistry(DefaultColumnTypeResolver.java:485)
	at org.springframework.data.cassandra.core.convert.DefaultColumnTypeResolver.tryResolve(DefaultColumnTypeResolver.java:244)
	at org.springframework.data.cassandra.core.convert.DefaultColumnTypeResolver.createCassandraTypeDescriptor(DefaultColumnTypeResolver.java:466)
	at org.springframework.data.cassandra.core.convert.DefaultColumnTypeResolver.lambda$resolve$1(DefaultColumnTypeResolver.java:225)
	at java.base/java.util.Optional.orElseGet(Optional.java:364)
	at org.springframework.data.cassandra.core.convert.DefaultColumnTypeResolver.resolve(DefaultColumnTypeResolver.java:224)
	at org.springframework.data.cassandra.core.convert.DefaultColumnTypeResolver.doResolve(DefaultColumnTypeResolver.java:170)
	at org.springframework.data.cassandra.core.convert.DefaultColumnTypeResolver.resolve(DefaultColumnTypeResolver.java:111)
	at org.springframework.data.cassandra.core.convert.SchemaFactory.getDataType(SchemaFactory.java:197)
	at org.springframework.data.cassandra.core.convert.SchemaFactory.getCreateTableSpecificationFor(SchemaFactory.java:173)
	at org.springframework.data.cassandra.core.convert.SchemaFactory.getCreateTableSpecificationFor(SchemaFactory.java:126)
	at org.springframework.data.cassandra.core.CassandraPersistentEntitySchemaCreator.lambda$createTableSpecifications$1(CassandraPersistentEntitySchemaCreator.java:113)
	at java.base/java.util.stream.ReferencePipeline$3$1.accept(ReferencePipeline.java:197)
	at java.base/java.util.concurrent.ConcurrentHashMap$KeySpliterator.forEachRemaining(ConcurrentHashMap.java:3573)
	at java.base/java.util.stream.AbstractPipeline.copyInto(AbstractPipeline.java:509)
	at java.base/java.util.stream.AbstractPipeline.wrapAndCopyInto(AbstractPipeline.java:499)
	at java.base/java.util.stream.ReduceOps$ReduceOp.evaluateSequential(ReduceOps.java:921)
	at java.base/java.util.stream.AbstractPipeline.evaluate(AbstractPipeline.java:234)
	at java.base/java.util.stream.ReferencePipeline.collect(ReferencePipeline.java:682)
	at org.springframework.data.cassandra.core.CassandraPersistentEntitySchemaCreator.createTableSpecifications(CassandraPersistentEntitySchemaCreator.java:115)
	at org.springframework.data.cassandra.core.CassandraPersistentEntitySchemaCreator.createTables(CassandraPersistentEntitySchemaCreator.java:98)
	at org.springframework.data.cassandra.config.SessionFactoryFactoryBean.performSchemaActions(SessionFactoryFactoryBean.java:267)
	at org.springframework.data.cassandra.config.SessionFactoryFactoryBean.createTables(SessionFactoryFactoryBean.java:238)
	at org.springframework.data.cassandra.config.SessionFactoryFactoryBean.performSchemaAction(SessionFactoryFactoryBean.java:224)
	at org.springframework.data.cassandra.config.SessionFactoryFactoryBean.lambda$afterPropertiesSet$0(SessionFactoryFactoryBean.java:157)
	at org.springframework.data.cassandra.config.SchemaUtils.withAsyncSchemaRefresh(SchemaUtils.java:96)
	at org.springframework.data.cassandra.config.SchemaUtils.withSchemaRefresh(SchemaUtils.java:84)
	at org.springframework.data.cassandra.config.SessionFactoryFactoryBean.afterPropertiesSet(SessionFactoryFactoryBean.java:163)
	at org.springframework.beans.factory.support.AbstractAutowireCapableBeanFactory.invokeInitMethods(AbstractAutowireCapableBeanFactory.java:1853)
	at org.springframework.beans.factory.support.AbstractAutowireCapableBeanFactory.initializeBean(AbstractAutowireCapableBeanFactory.java:1802)
	... 77 common frames omitted
Caused by: org.springframework.beans.BeanInstantiationException: Failed to instantiate [com.datastax.oss.driver.api.core.CqlSession]: Factory method 'cassandraSession' threw exception with message: Invalid keyspace acme_productions
	at org.springframework.beans.factory.support.SimpleInstantiationStrategy.instantiate(SimpleInstantiationStrategy.java:178)
	at org.springframework.beans.factory.support.ConstructorResolver.instantiate(ConstructorResolver.java:644)
	... 125 common frames omitted
Caused by: com.datastax.oss.driver.api.core.InvalidKeyspaceException: Invalid keyspace acme_productions
	at com.datastax.oss.driver.api.core.InvalidKeyspaceException.copy(InvalidKeyspaceException.java:36)
	at com.datastax.oss.driver.internal.core.util.concurrent.CompletableFutures.getUninterruptibly(CompletableFutures.java:151)
	at com.datastax.oss.driver.api.core.session.SessionBuilder.build(SessionBuilder.java:837)
	at org.springframework.boot.autoconfigure.cassandra.CassandraAutoConfiguration.cassandraSession(CassandraAutoConfiguration.java:109)
	at java.base/jdk.internal.reflect.NativeMethodAccessorImpl.invoke0(Native Method)
	at java.base/jdk.internal.reflect.NativeMethodAccessorImpl.invoke(NativeMethodAccessorImpl.java:77)
	at java.base/jdk.internal.reflect.DelegatingMethodAccessorImpl.invoke(DelegatingMethodAccessorImpl.java:43)
	at java.base/java.lang.reflect.Method.invoke(Method.java:568)
	at org.springframework.beans.factory.support.SimpleInstantiationStrategy.instantiate(SimpleInstantiationStrategy.java:146)
	... 126 common frames omitted
2026-06-06 12:00:25,913 INFO  [restartedMain] o.s.b.StartupInfoLogger: Starting GoldenhosewarehouseApplication using Java 17.0.17 with PID 30564 (E:\Data Journey\Subjects\Data Warehous\project\code\goldenhosewarehouse\goldenhosewarehouse\target\classes started by thbea in E:\Data Journey\Subjects\Data Warehous\project\code\goldenhosewarehouse\goldenhosewarehouse)
2026-06-06 12:00:25,915 INFO  [restartedMain] o.s.b.SpringApplication: No active profile set, falling back to 1 default profile: "default"
2026-06-06 12:00:25,952 INFO  [restartedMain] o.s.b.l.DeferredLog: Devtools property defaults active! Set 'spring.devtools.add-properties' to 'false' to disable
2026-06-06 12:00:25,952 INFO  [restartedMain] o.s.b.l.DeferredLog: For additional web related logging consider setting the 'logging.level.web' property to 'DEBUG'
2026-06-06 12:00:26,639 INFO  [restartedMain] o.s.d.r.c.RepositoryConfigurationDelegate: Bootstrapping Spring Data Reactive Cassandra repositories in DEFAULT mode.
2026-06-06 12:00:26,676 INFO  [restartedMain] o.s.d.r.c.RepositoryConfigurationDelegate: Finished Spring Data repository scanning in 32 ms. Found 0 Reactive Cassandra repository interfaces.
2026-06-06 12:00:26,687 INFO  [restartedMain] o.s.d.r.c.RepositoryConfigurationDelegate: Bootstrapping Spring Data Cassandra repositories in DEFAULT mode.
2026-06-06 12:00:26,707 INFO  [restartedMain] o.s.d.r.c.RepositoryConfigurationDelegate: Finished Spring Data repository scanning in 19 ms. Found 1 Cassandra repository interface.
2026-06-06 12:00:27,097 INFO  [restartedMain] o.s.b.w.e.t.TomcatWebServer: Tomcat initialized with port 8080 (http)
2026-06-06 12:00:27,105 INFO  [restartedMain] o.a.j.l.DirectJDKLog: Initializing ProtocolHandler ["http-nio-8080"]
2026-06-06 12:00:27,107 INFO  [restartedMain] o.a.j.l.DirectJDKLog: Starting service [Tomcat]
2026-06-06 12:00:27,107 INFO  [restartedMain] o.a.j.l.DirectJDKLog: Starting Servlet engine: [Apache Tomcat/10.1.30]
2026-06-06 12:00:27,151 INFO  [restartedMain] o.a.j.l.DirectJDKLog: Initializing Spring embedded WebApplicationContext
2026-06-06 12:00:27,151 INFO  [restartedMain] o.s.b.w.s.c.ServletWebServerApplicationContext: Root WebApplicationContext: initialization completed in 1199 ms
2026-06-06 12:00:27,215 INFO  [restartedMain] c.d.o.d.i.c.DefaultMavenCoordinates: Apache Cassandra Java Driver (org.apache.cassandra:java-driver-core) version 4.18.1
2026-06-06 12:00:27,429 INFO  [restartedMain] o.s.b.d.a.OptionalLiveReloadServer: LiveReload server is running on port 35729
2026-06-06 12:00:27,701 INFO  [restartedMain] c.d.o.d.i.c.c.CqlPrepareAsyncProcessor: Adding handler to invalidate cached prepared statements on type changes
2026-06-06 12:00:27,884 INFO  [s0-admin-0] c.d.o.d.i.c.t.Clock: Using native clock for microsecond precision
2026-06-06 12:00:30,494 WARN  [restartedMain] o.s.c.s.AbstractApplicationContext: Exception encountered during context initialization - cancelling refresh attempt: org.springframework.beans.factory.UnsatisfiedDependencyException: Error creating bean with name 'assetController' defined in file [E:\Data Journey\Subjects\Data Warehous\project\code\goldenhosewarehouse\goldenhosewarehouse\target\classes\com\example\goldenhosewarehouse\api\web\AssetController.class]: Unsatisfied dependency expressed through constructor parameter 0: Error creating bean with name 'assetServiceImpl' defined in file [E:\Data Journey\Subjects\Data Warehous\project\code\goldenhosewarehouse\goldenhosewarehouse\target\classes\com\example\goldenhosewarehouse\dal\service\impl\AssetServiceImpl.class]: Unsatisfied dependency expressed through constructor parameter 0: Error creating bean with name 'assetRepositoryImpl' defined in file [E:\Data Journey\Subjects\Data Warehous\project\code\goldenhosewarehouse\goldenhosewarehouse\target\classes\com\example\goldenhosewarehouse\dal\persistence\AssetRepositoryImpl.class]: Unsatisfied dependency expressed through constructor parameter 0: Error creating bean with name 'cassandraTemplate' defined in class path resource [org/springframework/boot/autoconfigure/data/cassandra/CassandraDataAutoConfiguration.class]: Unsatisfied dependency expressed through method 'cassandraTemplate' parameter 0: Error creating bean with name 'cassandraSessionFactory' defined in class path resource [org/springframework/boot/autoconfigure/data/cassandra/CassandraDataAutoConfiguration.class]: Error creating bean with name 'cassandraSession' defined in class path resource [org/springframework/boot/autoconfigure/cassandra/CassandraAutoConfiguration.class]: Failed to instantiate [com.datastax.oss.driver.api.core.CqlSession]: Factory method 'cassandraSession' threw exception with message: Invalid keyspace acme_productions
2026-06-06 12:00:30,511 INFO  [restartedMain] o.a.j.l.DirectJDKLog: Stopping service [Tomcat]
2026-06-06 12:00:30,530 INFO  [restartedMain] o.s.b.a.l.ConditionEvaluationReportLogger: 

Error starting ApplicationContext. To display the condition evaluation report re-run your application with 'debug' enabled.
2026-06-06 12:00:30,555 ERROR [restartedMain] o.s.b.SpringApplication: Application run failed
org.springframework.beans.factory.UnsatisfiedDependencyException: Error creating bean with name 'assetController' defined in file [E:\Data Journey\Subjects\Data Warehous\project\code\goldenhosewarehouse\goldenhosewarehouse\target\classes\com\example\goldenhosewarehouse\api\web\AssetController.class]: Unsatisfied dependency expressed through constructor parameter 0: Error creating bean with name 'assetServiceImpl' defined in file [E:\Data Journey\Subjects\Data Warehous\project\code\goldenhosewarehouse\goldenhosewarehouse\target\classes\com\example\goldenhosewarehouse\dal\service\impl\AssetServiceImpl.class]: Unsatisfied dependency expressed through constructor parameter 0: Error creating bean with name 'assetRepositoryImpl' defined in file [E:\Data Journey\Subjects\Data Warehous\project\code\goldenhosewarehouse\goldenhosewarehouse\target\classes\com\example\goldenhosewarehouse\dal\persistence\AssetRepositoryImpl.class]: Unsatisfied dependency expressed through constructor parameter 0: Error creating bean with name 'cassandraTemplate' defined in class path resource [org/springframework/boot/autoconfigure/data/cassandra/CassandraDataAutoConfiguration.class]: Unsatisfied dependency expressed through method 'cassandraTemplate' parameter 0: Error creating bean with name 'cassandraSessionFactory' defined in class path resource [org/springframework/boot/autoconfigure/data/cassandra/CassandraDataAutoConfiguration.class]: Error creating bean with name 'cassandraSession' defined in class path resource [org/springframework/boot/autoconfigure/cassandra/CassandraAutoConfiguration.class]: Failed to instantiate [com.datastax.oss.driver.api.core.CqlSession]: Factory method 'cassandraSession' threw exception with message: Invalid keyspace acme_productions
	at org.springframework.beans.factory.support.ConstructorResolver.createArgumentArray(ConstructorResolver.java:795)
	at org.springframework.beans.factory.support.ConstructorResolver.autowireConstructor(ConstructorResolver.java:237)
	at org.springframework.beans.factory.support.AbstractAutowireCapableBeanFactory.autowireConstructor(AbstractAutowireCapableBeanFactory.java:1375)
	at org.springframework.beans.factory.support.AbstractAutowireCapableBeanFactory.createBeanInstance(AbstractAutowireCapableBeanFactory.java:1212)
	at org.springframework.beans.factory.support.AbstractAutowireCapableBeanFactory.doCreateBean(AbstractAutowireCapableBeanFactory.java:562)
	at org.springframework.beans.factory.support.AbstractAutowireCapableBeanFactory.createBean(AbstractAutowireCapableBeanFactory.java:522)
	at org.springframework.beans.factory.support.AbstractBeanFactory.lambda$doGetBean$0(AbstractBeanFactory.java:337)
	at org.springframework.beans.factory.support.DefaultSingletonBeanRegistry.getSingleton(DefaultSingletonBeanRegistry.java:234)
	at org.springframework.beans.factory.support.AbstractBeanFactory.doGetBean(AbstractBeanFactory.java:335)
	at org.springframework.beans.factory.support.AbstractBeanFactory.getBean(AbstractBeanFactory.java:200)
	at org.springframework.beans.factory.support.DefaultListableBeanFactory.preInstantiateSingletons(DefaultListableBeanFactory.java:975)
	at org.springframework.context.support.AbstractApplicationContext.finishBeanFactoryInitialization(AbstractApplicationContext.java:971)
	at org.springframework.context.support.AbstractApplicationContext.refresh(AbstractApplicationContext.java:625)
	at org.springframework.boot.web.servlet.context.ServletWebServerApplicationContext.refresh(ServletWebServerApplicationContext.java:146)
	at org.springframework.boot.SpringApplication.refresh(SpringApplication.java:754)
	at org.springframework.boot.SpringApplication.refreshContext(SpringApplication.java:456)
	at org.springframework.boot.SpringApplication.run(SpringApplication.java:335)
	at org.springframework.boot.SpringApplication.run(SpringApplication.java:1363)
	at org.springframework.boot.SpringApplication.run(SpringApplication.java:1352)
	at com.example.goldenhosewarehouse.GoldenhosewarehouseApplication.main(GoldenhosewarehouseApplication.java:10)
	at java.base/jdk.internal.reflect.NativeMethodAccessorImpl.invoke0(Native Method)
	at java.base/jdk.internal.reflect.NativeMethodAccessorImpl.invoke(NativeMethodAccessorImpl.java:77)
	at java.base/jdk.internal.reflect.DelegatingMethodAccessorImpl.invoke(DelegatingMethodAccessorImpl.java:43)
	at java.base/java.lang.reflect.Method.invoke(Method.java:568)
	at org.springframework.boot.devtools.restart.RestartLauncher.run(RestartLauncher.java:50)
Caused by: org.springframework.beans.factory.UnsatisfiedDependencyException: Error creating bean with name 'assetServiceImpl' defined in file [E:\Data Journey\Subjects\Data Warehous\project\code\goldenhosewarehouse\goldenhosewarehouse\target\classes\com\example\goldenhosewarehouse\dal\service\impl\AssetServiceImpl.class]: Unsatisfied dependency expressed through constructor parameter 0: Error creating bean with name 'assetRepositoryImpl' defined in file [E:\Data Journey\Subjects\Data Warehous\project\code\goldenhosewarehouse\goldenhosewarehouse\target\classes\com\example\goldenhosewarehouse\dal\persistence\AssetRepositoryImpl.class]: Unsatisfied dependency expressed through constructor parameter 0: Error creating bean with name 'cassandraTemplate' defined in class path resource [org/springframework/boot/autoconfigure/data/cassandra/CassandraDataAutoConfiguration.class]: Unsatisfied dependency expressed through method 'cassandraTemplate' parameter 0: Error creating bean with name 'cassandraSessionFactory' defined in class path resource [org/springframework/boot/autoconfigure/data/cassandra/CassandraDataAutoConfiguration.class]: Error creating bean with name 'cassandraSession' defined in class path resource [org/springframework/boot/autoconfigure/cassandra/CassandraAutoConfiguration.class]: Failed to instantiate [com.datastax.oss.driver.api.core.CqlSession]: Factory method 'cassandraSession' threw exception with message: Invalid keyspace acme_productions
	at org.springframework.beans.factory.support.ConstructorResolver.createArgumentArray(ConstructorResolver.java:795)
	at org.springframework.beans.factory.support.ConstructorResolver.autowireConstructor(ConstructorResolver.java:237)
	at org.springframework.beans.factory.support.AbstractAutowireCapableBeanFactory.autowireConstructor(AbstractAutowireCapableBeanFactory.java:1375)
	at org.springframework.beans.factory.support.AbstractAutowireCapableBeanFactory.createBeanInstance(AbstractAutowireCapableBeanFactory.java:1212)
	at org.springframework.beans.factory.support.AbstractAutowireCapableBeanFactory.doCreateBean(AbstractAutowireCapableBeanFactory.java:562)
	at org.springframework.beans.factory.support.AbstractAutowireCapableBeanFactory.createBean(AbstractAutowireCapableBeanFactory.java:522)
	at org.springframework.beans.factory.support.AbstractBeanFactory.lambda$doGetBean$0(AbstractBeanFactory.java:337)
	at org.springframework.beans.factory.support.DefaultSingletonBeanRegistry.getSingleton(DefaultSingletonBeanRegistry.java:234)
	at org.springframework.beans.factory.support.AbstractBeanFactory.doGetBean(AbstractBeanFactory.java:335)
	at org.springframework.beans.factory.support.AbstractBeanFactory.getBean(AbstractBeanFactory.java:200)
	at org.springframework.beans.factory.config.DependencyDescriptor.resolveCandidate(DependencyDescriptor.java:254)
	at org.springframework.beans.factory.support.DefaultListableBeanFactory.doResolveDependency(DefaultListableBeanFactory.java:1443)
	at org.springframework.beans.factory.support.DefaultListableBeanFactory.resolveDependency(DefaultListableBeanFactory.java:1353)
	at org.springframework.beans.factory.support.ConstructorResolver.resolveAutowiredArgument(ConstructorResolver.java:904)
	at org.springframework.beans.factory.support.ConstructorResolver.createArgumentArray(ConstructorResolver.java:782)
	... 24 common frames omitted
Caused by: org.springframework.beans.factory.UnsatisfiedDependencyException: Error creating bean with name 'assetRepositoryImpl' defined in file [E:\Data Journey\Subjects\Data Warehous\project\code\goldenhosewarehouse\goldenhosewarehouse\target\classes\com\example\goldenhosewarehouse\dal\persistence\AssetRepositoryImpl.class]: Unsatisfied dependency expressed through constructor parameter 0: Error creating bean with name 'cassandraTemplate' defined in class path resource [org/springframework/boot/autoconfigure/data/cassandra/CassandraDataAutoConfiguration.class]: Unsatisfied dependency expressed through method 'cassandraTemplate' parameter 0: Error creating bean with name 'cassandraSessionFactory' defined in class path resource [org/springframework/boot/autoconfigure/data/cassandra/CassandraDataAutoConfiguration.class]: Error creating bean with name 'cassandraSession' defined in class path resource [org/springframework/boot/autoconfigure/cassandra/CassandraAutoConfiguration.class]: Failed to instantiate [com.datastax.oss.driver.api.core.CqlSession]: Factory method 'cassandraSession' threw exception with message: Invalid keyspace acme_productions
	at org.springframework.beans.factory.support.ConstructorResolver.createArgumentArray(ConstructorResolver.java:795)
	at org.springframework.beans.factory.support.ConstructorResolver.autowireConstructor(ConstructorResolver.java:237)
	at org.springframework.beans.factory.support.AbstractAutowireCapableBeanFactory.autowireConstructor(AbstractAutowireCapableBeanFactory.java:1375)
	at org.springframework.beans.factory.support.AbstractAutowireCapableBeanFactory.createBeanInstance(AbstractAutowireCapableBeanFactory.java:1212)
	at org.springframework.beans.factory.support.AbstractAutowireCapableBeanFactory.doCreateBean(AbstractAutowireCapableBeanFactory.java:562)
	at org.springframework.beans.factory.support.AbstractAutowireCapableBeanFactory.createBean(AbstractAutowireCapableBeanFactory.java:522)
	at org.springframework.beans.factory.support.AbstractBeanFactory.lambda$doGetBean$0(AbstractBeanFactory.java:337)
	at org.springframework.beans.factory.support.DefaultSingletonBeanRegistry.getSingleton(DefaultSingletonBeanRegistry.java:234)
	at org.springframework.beans.factory.support.AbstractBeanFactory.doGetBean(AbstractBeanFactory.java:335)
	at org.springframework.beans.factory.support.AbstractBeanFactory.getBean(AbstractBeanFactory.java:200)
	at org.springframework.beans.factory.config.DependencyDescriptor.resolveCandidate(DependencyDescriptor.java:254)
	at org.springframework.beans.factory.support.DefaultListableBeanFactory.doResolveDependency(DefaultListableBeanFactory.java:1443)
	at org.springframework.beans.factory.support.DefaultListableBeanFactory.resolveDependency(DefaultListableBeanFactory.java:1353)
	at org.springframework.beans.factory.support.ConstructorResolver.resolveAutowiredArgument(ConstructorResolver.java:904)
	at org.springframework.beans.factory.support.ConstructorResolver.createArgumentArray(ConstructorResolver.java:782)
	... 38 common frames omitted
Caused by: org.springframework.beans.factory.UnsatisfiedDependencyException: Error creating bean with name 'cassandraTemplate' defined in class path resource [org/springframework/boot/autoconfigure/data/cassandra/CassandraDataAutoConfiguration.class]: Unsatisfied dependency expressed through method 'cassandraTemplate' parameter 0: Error creating bean with name 'cassandraSessionFactory' defined in class path resource [org/springframework/boot/autoconfigure/data/cassandra/CassandraDataAutoConfiguration.class]: Error creating bean with name 'cassandraSession' defined in class path resource [org/springframework/boot/autoconfigure/cassandra/CassandraAutoConfiguration.class]: Failed to instantiate [com.datastax.oss.driver.api.core.CqlSession]: Factory method 'cassandraSession' threw exception with message: Invalid keyspace acme_productions
	at org.springframework.beans.factory.support.ConstructorResolver.createArgumentArray(ConstructorResolver.java:795)
	at org.springframework.beans.factory.support.ConstructorResolver.instantiateUsingFactoryMethod(ConstructorResolver.java:542)
	at org.springframework.beans.factory.support.AbstractAutowireCapableBeanFactory.instantiateUsingFactoryMethod(AbstractAutowireCapableBeanFactory.java:1355)
	at org.springframework.beans.factory.support.AbstractAutowireCapableBeanFactory.createBeanInstance(AbstractAutowireCapableBeanFactory.java:1185)
	at org.springframework.beans.factory.support.AbstractAutowireCapableBeanFactory.doCreateBean(AbstractAutowireCapableBeanFactory.java:562)
	at org.springframework.beans.factory.support.AbstractAutowireCapableBeanFactory.createBean(AbstractAutowireCapableBeanFactory.java:522)
	at org.springframework.beans.factory.support.AbstractBeanFactory.lambda$doGetBean$0(AbstractBeanFactory.java:337)
	at org.springframework.beans.factory.support.DefaultSingletonBeanRegistry.getSingleton(DefaultSingletonBeanRegistry.java:234)
	at org.springframework.beans.factory.support.AbstractBeanFactory.doGetBean(AbstractBeanFactory.java:335)
	at org.springframework.beans.factory.support.AbstractBeanFactory.getBean(AbstractBeanFactory.java:200)
	at org.springframework.beans.factory.config.DependencyDescriptor.resolveCandidate(DependencyDescriptor.java:254)
	at org.springframework.beans.factory.support.DefaultListableBeanFactory.doResolveDependency(DefaultListableBeanFactory.java:1443)
	at org.springframework.beans.factory.support.DefaultListableBeanFactory.resolveDependency(DefaultListableBeanFactory.java:1353)
	at org.springframework.beans.factory.support.ConstructorResolver.resolveAutowiredArgument(ConstructorResolver.java:904)
	at org.springframework.beans.factory.support.ConstructorResolver.createArgumentArray(ConstructorResolver.java:782)
	... 52 common frames omitted
Caused by: org.springframework.beans.factory.BeanCreationException: Error creating bean with name 'cassandraSessionFactory' defined in class path resource [org/springframework/boot/autoconfigure/data/cassandra/CassandraDataAutoConfiguration.class]: Error creating bean with name 'cassandraSession' defined in class path resource [org/springframework/boot/autoconfigure/cassandra/CassandraAutoConfiguration.class]: Failed to instantiate [com.datastax.oss.driver.api.core.CqlSession]: Factory method 'cassandraSession' threw exception with message: Invalid keyspace acme_productions
	at org.springframework.beans.factory.support.AbstractAutowireCapableBeanFactory.initializeBean(AbstractAutowireCapableBeanFactory.java:1806)
	at org.springframework.beans.factory.support.AbstractAutowireCapableBeanFactory.doCreateBean(AbstractAutowireCapableBeanFactory.java:600)
	at org.springframework.beans.factory.support.AbstractAutowireCapableBeanFactory.createBean(AbstractAutowireCapableBeanFactory.java:522)
	at org.springframework.beans.factory.support.AbstractBeanFactory.lambda$doGetBean$0(AbstractBeanFactory.java:337)
	at org.springframework.beans.factory.support.DefaultSingletonBeanRegistry.getSingleton(DefaultSingletonBeanRegistry.java:234)
	at org.springframework.beans.factory.support.AbstractBeanFactory.doGetBean(AbstractBeanFactory.java:335)
	at org.springframework.beans.factory.support.AbstractBeanFactory.getBean(AbstractBeanFactory.java:200)
	at org.springframework.beans.factory.config.DependencyDescriptor.resolveCandidate(DependencyDescriptor.java:254)
	at org.springframework.beans.factory.support.DefaultListableBeanFactory.doResolveDependency(DefaultListableBeanFactory.java:1443)
	at org.springframework.beans.factory.support.DefaultListableBeanFactory.resolveDependency(DefaultListableBeanFactory.java:1353)
	at org.springframework.beans.factory.support.ConstructorResolver.resolveAutowiredArgument(ConstructorResolver.java:904)
	at org.springframework.beans.factory.support.ConstructorResolver.createArgumentArray(ConstructorResolver.java:782)
	... 66 common frames omitted
Caused by: org.springframework.beans.factory.BeanCreationException: Error creating bean with name 'cassandraSession' defined in class path resource [org/springframework/boot/autoconfigure/cassandra/CassandraAutoConfiguration.class]: Failed to instantiate [com.datastax.oss.driver.api.core.CqlSession]: Factory method 'cassandraSession' threw exception with message: Invalid keyspace acme_productions
	at org.springframework.beans.factory.support.ConstructorResolver.instantiate(ConstructorResolver.java:648)
	at org.springframework.beans.factory.support.ConstructorResolver.instantiateUsingFactoryMethod(ConstructorResolver.java:636)
	at org.springframework.beans.factory.support.AbstractAutowireCapableBeanFactory.instantiateUsingFactoryMethod(AbstractAutowireCapableBeanFactory.java:1355)
	at org.springframework.beans.factory.support.AbstractAutowireCapableBeanFactory.createBeanInstance(AbstractAutowireCapableBeanFactory.java:1185)
	at org.springframework.beans.factory.support.AbstractAutowireCapableBeanFactory.doCreateBean(AbstractAutowireCapableBeanFactory.java:562)
	at org.springframework.beans.factory.support.AbstractAutowireCapableBeanFactory.createBean(AbstractAutowireCapableBeanFactory.java:522)
	at org.springframework.beans.factory.support.AbstractBeanFactory.lambda$doGetBean$0(AbstractBeanFactory.java:337)
	at org.springframework.beans.factory.support.DefaultSingletonBeanRegistry.getSingleton(DefaultSingletonBeanRegistry.java:234)
	at org.springframework.beans.factory.support.AbstractBeanFactory.doGetBean(AbstractBeanFactory.java:335)
	at org.springframework.beans.factory.support.AbstractBeanFactory.getBean(AbstractBeanFactory.java:200)
	at org.springframework.beans.factory.config.DependencyDescriptor.resolveCandidate(DependencyDescriptor.java:254)
	at org.springframework.beans.factory.support.DefaultListableBeanFactory.doResolveDependency(DefaultListableBeanFactory.java:1443)
	at org.springframework.context.annotation.ContextAnnotationAutowireCandidateResolver$1.getTarget(ContextAnnotationAutowireCandidateResolver.java:103)
	at org.springframework.aop.framework.JdkDynamicAopProxy.invoke(JdkDynamicAopProxy.java:203)
	at jdk.proxy3/jdk.proxy3.$Proxy69.getContext(Unknown Source)
	at org.springframework.boot.autoconfigure.data.cassandra.CassandraDataAutoConfiguration.lambda$cassandraConverter$0(CassandraDataAutoConfiguration.java:100)
	at org.springframework.data.util.Lazy.getNullable(Lazy.java:135)
	at org.springframework.data.util.Lazy.get(Lazy.java:113)
	at org.springframework.data.cassandra.core.convert.MappingCassandraConverter.getCodecRegistry(MappingCassandraConverter.java:264)
	at org.springframework.data.cassandra.core.convert.DefaultColumnTypeResolver.getCodecRegistry(DefaultColumnTypeResolver.java:485)
	at org.springframework.data.cassandra.core.convert.DefaultColumnTypeResolver.tryResolve(DefaultColumnTypeResolver.java:244)
	at org.springframework.data.cassandra.core.convert.DefaultColumnTypeResolver.createCassandraTypeDescriptor(DefaultColumnTypeResolver.java:466)
	at org.springframework.data.cassandra.core.convert.DefaultColumnTypeResolver.lambda$resolve$1(DefaultColumnTypeResolver.java:225)
	at java.base/java.util.Optional.orElseGet(Optional.java:364)
	at org.springframework.data.cassandra.core.convert.DefaultColumnTypeResolver.resolve(DefaultColumnTypeResolver.java:224)
	at org.springframework.data.cassandra.core.convert.DefaultColumnTypeResolver.doResolve(DefaultColumnTypeResolver.java:170)
	at org.springframework.data.cassandra.core.convert.DefaultColumnTypeResolver.resolve(DefaultColumnTypeResolver.java:111)
	at org.springframework.data.cassandra.core.convert.SchemaFactory.getDataType(SchemaFactory.java:197)
	at org.springframework.data.cassandra.core.convert.SchemaFactory.getCreateTableSpecificationFor(SchemaFactory.java:173)
	at org.springframework.data.cassandra.core.convert.SchemaFactory.getCreateTableSpecificationFor(SchemaFactory.java:126)
	at org.springframework.data.cassandra.core.CassandraPersistentEntitySchemaCreator.lambda$createTableSpecifications$1(CassandraPersistentEntitySchemaCreator.java:113)
	at java.base/java.util.stream.ReferencePipeline$3$1.accept(ReferencePipeline.java:197)
	at java.base/java.util.concurrent.ConcurrentHashMap$KeySpliterator.forEachRemaining(ConcurrentHashMap.java:3573)
	at java.base/java.util.stream.AbstractPipeline.copyInto(AbstractPipeline.java:509)
	at java.base/java.util.stream.AbstractPipeline.wrapAndCopyInto(AbstractPipeline.java:499)
	at java.base/java.util.stream.ReduceOps$ReduceOp.evaluateSequential(ReduceOps.java:921)
	at java.base/java.util.stream.AbstractPipeline.evaluate(AbstractPipeline.java:234)
	at java.base/java.util.stream.ReferencePipeline.collect(ReferencePipeline.java:682)
	at org.springframework.data.cassandra.core.CassandraPersistentEntitySchemaCreator.createTableSpecifications(CassandraPersistentEntitySchemaCreator.java:115)
	at org.springframework.data.cassandra.core.CassandraPersistentEntitySchemaCreator.createTables(CassandraPersistentEntitySchemaCreator.java:98)
	at org.springframework.data.cassandra.config.SessionFactoryFactoryBean.performSchemaActions(SessionFactoryFactoryBean.java:267)
	at org.springframework.data.cassandra.config.SessionFactoryFactoryBean.createTables(SessionFactoryFactoryBean.java:238)
	at org.springframework.data.cassandra.config.SessionFactoryFactoryBean.performSchemaAction(SessionFactoryFactoryBean.java:224)
	at org.springframework.data.cassandra.config.SessionFactoryFactoryBean.lambda$afterPropertiesSet$0(SessionFactoryFactoryBean.java:157)
	at org.springframework.data.cassandra.config.SchemaUtils.withAsyncSchemaRefresh(SchemaUtils.java:96)
	at org.springframework.data.cassandra.config.SchemaUtils.withSchemaRefresh(SchemaUtils.java:84)
	at org.springframework.data.cassandra.config.SessionFactoryFactoryBean.afterPropertiesSet(SessionFactoryFactoryBean.java:163)
	at org.springframework.beans.factory.support.AbstractAutowireCapableBeanFactory.invokeInitMethods(AbstractAutowireCapableBeanFactory.java:1853)
	at org.springframework.beans.factory.support.AbstractAutowireCapableBeanFactory.initializeBean(AbstractAutowireCapableBeanFactory.java:1802)
	... 77 common frames omitted
Caused by: org.springframework.beans.BeanInstantiationException: Failed to instantiate [com.datastax.oss.driver.api.core.CqlSession]: Factory method 'cassandraSession' threw exception with message: Invalid keyspace acme_productions
	at org.springframework.beans.factory.support.SimpleInstantiationStrategy.instantiate(SimpleInstantiationStrategy.java:178)
	at org.springframework.beans.factory.support.ConstructorResolver.instantiate(ConstructorResolver.java:644)
	... 125 common frames omitted
Caused by: com.datastax.oss.driver.api.core.InvalidKeyspaceException: Invalid keyspace acme_productions
	at com.datastax.oss.driver.api.core.InvalidKeyspaceException.copy(InvalidKeyspaceException.java:36)
	at com.datastax.oss.driver.internal.core.util.concurrent.CompletableFutures.getUninterruptibly(CompletableFutures.java:151)
	at com.datastax.oss.driver.api.core.session.SessionBuilder.build(SessionBuilder.java:837)
	at org.springframework.boot.autoconfigure.cassandra.CassandraAutoConfiguration.cassandraSession(CassandraAutoConfiguration.java:109)
	at java.base/jdk.internal.reflect.NativeMethodAccessorImpl.invoke0(Native Method)
	at java.base/jdk.internal.reflect.NativeMethodAccessorImpl.invoke(NativeMethodAccessorImpl.java:77)
	at java.base/jdk.internal.reflect.DelegatingMethodAccessorImpl.invoke(DelegatingMethodAccessorImpl.java:43)
	at java.base/java.lang.reflect.Method.invoke(Method.java:568)
	at org.springframework.beans.factory.support.SimpleInstantiationStrategy.instantiate(SimpleInstantiationStrategy.java:146)
	... 126 common frames omitted
2026-06-06 12:01:09,824 INFO  [restartedMain] o.s.b.StartupInfoLogger: Starting GoldenhosewarehouseApplication using Java 17.0.17 with PID 20984 (E:\Data Journey\Subjects\Data Warehous\project\code\goldenhosewarehouse\goldenhosewarehouse\target\classes started by thbea in E:\Data Journey\Subjects\Data Warehous\project\code\goldenhosewarehouse\goldenhosewarehouse)
2026-06-06 12:01:09,828 INFO  [restartedMain] o.s.b.SpringApplication: No active profile set, falling back to 1 default profile: "default"
2026-06-06 12:01:09,872 INFO  [restartedMain] o.s.b.l.DeferredLog: Devtools property defaults active! Set 'spring.devtools.add-properties' to 'false' to disable
2026-06-06 12:01:09,872 INFO  [restartedMain] o.s.b.l.DeferredLog: For additional web related logging consider setting the 'logging.level.web' property to 'DEBUG'
2026-06-06 12:01:10,396 INFO  [restartedMain] o.s.d.r.c.RepositoryConfigurationDelegate: Bootstrapping Spring Data Reactive Cassandra repositories in DEFAULT mode.
2026-06-06 12:01:10,422 INFO  [restartedMain] o.s.d.r.c.RepositoryConfigurationDelegate: Finished Spring Data repository scanning in 22 ms. Found 0 Reactive Cassandra repository interfaces.
2026-06-06 12:01:10,427 INFO  [restartedMain] o.s.d.r.c.RepositoryConfigurationDelegate: Bootstrapping Spring Data Cassandra repositories in DEFAULT mode.
2026-06-06 12:01:10,446 INFO  [restartedMain] o.s.d.r.c.RepositoryConfigurationDelegate: Finished Spring Data repository scanning in 18 ms. Found 1 Cassandra repository interface.
2026-06-06 12:01:10,765 INFO  [restartedMain] o.s.b.w.e.t.TomcatWebServer: Tomcat initialized with port 8080 (http)
2026-06-06 12:01:10,772 INFO  [restartedMain] o.a.j.l.DirectJDKLog: Initializing ProtocolHandler ["http-nio-8080"]
2026-06-06 12:01:10,774 INFO  [restartedMain] o.a.j.l.DirectJDKLog: Starting service [Tomcat]
2026-06-06 12:01:10,774 INFO  [restartedMain] o.a.j.l.DirectJDKLog: Starting Servlet engine: [Apache Tomcat/10.1.30]
2026-06-06 12:01:10,832 INFO  [restartedMain] o.a.j.l.DirectJDKLog: Initializing Spring embedded WebApplicationContext
2026-06-06 12:01:10,832 INFO  [restartedMain] o.s.b.w.s.c.ServletWebServerApplicationContext: Root WebApplicationContext: initialization completed in 959 ms
2026-06-06 12:01:10,886 INFO  [restartedMain] c.d.o.d.i.c.DefaultMavenCoordinates: Apache Cassandra Java Driver (org.apache.cassandra:java-driver-core) version 4.18.1
2026-06-06 12:01:11,086 INFO  [restartedMain] o.s.b.d.a.OptionalLiveReloadServer: LiveReload server is running on port 35729
2026-06-06 12:01:11,370 INFO  [restartedMain] c.d.o.d.i.c.c.CqlPrepareAsyncProcessor: Adding handler to invalidate cached prepared statements on type changes
2026-06-06 12:01:11,538 INFO  [s0-admin-0] c.d.o.d.i.c.t.Clock: Using native clock for microsecond precision
2026-06-06 12:01:13,924 WARN  [restartedMain] o.s.c.s.AbstractApplicationContext: Exception encountered during context initialization - cancelling refresh attempt: org.springframework.beans.factory.UnsatisfiedDependencyException: Error creating bean with name 'assetController' defined in file [E:\Data Journey\Subjects\Data Warehous\project\code\goldenhosewarehouse\goldenhosewarehouse\target\classes\com\example\goldenhosewarehouse\api\web\AssetController.class]: Unsatisfied dependency expressed through constructor parameter 0: Error creating bean with name 'assetServiceImpl' defined in file [E:\Data Journey\Subjects\Data Warehous\project\code\goldenhosewarehouse\goldenhosewarehouse\target\classes\com\example\goldenhosewarehouse\dal\service\impl\AssetServiceImpl.class]: Unsatisfied dependency expressed through constructor parameter 0: Error creating bean with name 'assetRepositoryImpl' defined in file [E:\Data Journey\Subjects\Data Warehous\project\code\goldenhosewarehouse\goldenhosewarehouse\target\classes\com\example\goldenhosewarehouse\dal\persistence\AssetRepositoryImpl.class]: Unsatisfied dependency expressed through constructor parameter 0: Error creating bean with name 'cassandraTemplate' defined in class path resource [org/springframework/boot/autoconfigure/data/cassandra/CassandraDataAutoConfiguration.class]: Unsatisfied dependency expressed through method 'cassandraTemplate' parameter 0: Error creating bean with name 'cassandraSessionFactory' defined in class path resource [org/springframework/boot/autoconfigure/data/cassandra/CassandraDataAutoConfiguration.class]: Error creating bean with name 'cassandraSession' defined in class path resource [org/springframework/boot/autoconfigure/cassandra/CassandraAutoConfiguration.class]: Failed to instantiate [com.datastax.oss.driver.api.core.CqlSession]: Factory method 'cassandraSession' threw exception with message: Invalid keyspace acme_productions
2026-06-06 12:01:13,929 INFO  [restartedMain] o.a.j.l.DirectJDKLog: Stopping service [Tomcat]
2026-06-06 12:01:13,946 INFO  [restartedMain] o.s.b.a.l.ConditionEvaluationReportLogger: 

Error starting ApplicationContext. To display the condition evaluation report re-run your application with 'debug' enabled.
2026-06-06 12:01:13,980 ERROR [restartedMain] o.s.b.SpringApplication: Application run failed
org.springframework.beans.factory.UnsatisfiedDependencyException: Error creating bean with name 'assetController' defined in file [E:\Data Journey\Subjects\Data Warehous\project\code\goldenhosewarehouse\goldenhosewarehouse\target\classes\com\example\goldenhosewarehouse\api\web\AssetController.class]: Unsatisfied dependency expressed through constructor parameter 0: Error creating bean with name 'assetServiceImpl' defined in file [E:\Data Journey\Subjects\Data Warehous\project\code\goldenhosewarehouse\goldenhosewarehouse\target\classes\com\example\goldenhosewarehouse\dal\service\impl\AssetServiceImpl.class]: Unsatisfied dependency expressed through constructor parameter 0: Error creating bean with name 'assetRepositoryImpl' defined in file [E:\Data Journey\Subjects\Data Warehous\project\code\goldenhosewarehouse\goldenhosewarehouse\target\classes\com\example\goldenhosewarehouse\dal\persistence\AssetRepositoryImpl.class]: Unsatisfied dependency expressed through constructor parameter 0: Error creating bean with name 'cassandraTemplate' defined in class path resource [org/springframework/boot/autoconfigure/data/cassandra/CassandraDataAutoConfiguration.class]: Unsatisfied dependency expressed through method 'cassandraTemplate' parameter 0: Error creating bean with name 'cassandraSessionFactory' defined in class path resource [org/springframework/boot/autoconfigure/data/cassandra/CassandraDataAutoConfiguration.class]: Error creating bean with name 'cassandraSession' defined in class path resource [org/springframework/boot/autoconfigure/cassandra/CassandraAutoConfiguration.class]: Failed to instantiate [com.datastax.oss.driver.api.core.CqlSession]: Factory method 'cassandraSession' threw exception with message: Invalid keyspace acme_productions
	at org.springframework.beans.factory.support.ConstructorResolver.createArgumentArray(ConstructorResolver.java:795)
	at org.springframework.beans.factory.support.ConstructorResolver.autowireConstructor(ConstructorResolver.java:237)
	at org.springframework.beans.factory.support.AbstractAutowireCapableBeanFactory.autowireConstructor(AbstractAutowireCapableBeanFactory.java:1375)
	at org.springframework.beans.factory.support.AbstractAutowireCapableBeanFactory.createBeanInstance(AbstractAutowireCapableBeanFactory.java:1212)
	at org.springframework.beans.factory.support.AbstractAutowireCapableBeanFactory.doCreateBean(AbstractAutowireCapableBeanFactory.java:562)
	at org.springframework.beans.factory.support.AbstractAutowireCapableBeanFactory.createBean(AbstractAutowireCapableBeanFactory.java:522)
	at org.springframework.beans.factory.support.AbstractBeanFactory.lambda$doGetBean$0(AbstractBeanFactory.java:337)
	at org.springframework.beans.factory.support.DefaultSingletonBeanRegistry.getSingleton(DefaultSingletonBeanRegistry.java:234)
	at org.springframework.beans.factory.support.AbstractBeanFactory.doGetBean(AbstractBeanFactory.java:335)
	at org.springframework.beans.factory.support.AbstractBeanFactory.getBean(AbstractBeanFactory.java:200)
	at org.springframework.beans.factory.support.DefaultListableBeanFactory.preInstantiateSingletons(DefaultListableBeanFactory.java:975)
	at org.springframework.context.support.AbstractApplicationContext.finishBeanFactoryInitialization(AbstractApplicationContext.java:971)
	at org.springframework.context.support.AbstractApplicationContext.refresh(AbstractApplicationContext.java:625)
	at org.springframework.boot.web.servlet.context.ServletWebServerApplicationContext.refresh(ServletWebServerApplicationContext.java:146)
	at org.springframework.boot.SpringApplication.refresh(SpringApplication.java:754)
	at org.springframework.boot.SpringApplication.refreshContext(SpringApplication.java:456)
	at org.springframework.boot.SpringApplication.run(SpringApplication.java:335)
	at org.springframework.boot.SpringApplication.run(SpringApplication.java:1363)
	at org.springframework.boot.SpringApplication.run(SpringApplication.java:1352)
	at com.example.goldenhosewarehouse.GoldenhosewarehouseApplication.main(GoldenhosewarehouseApplication.java:10)
	at java.base/jdk.internal.reflect.NativeMethodAccessorImpl.invoke0(Native Method)
	at java.base/jdk.internal.reflect.NativeMethodAccessorImpl.invoke(NativeMethodAccessorImpl.java:77)
	at java.base/jdk.internal.reflect.DelegatingMethodAccessorImpl.invoke(DelegatingMethodAccessorImpl.java:43)
	at java.base/java.lang.reflect.Method.invoke(Method.java:568)
	at org.springframework.boot.devtools.restart.RestartLauncher.run(RestartLauncher.java:50)
Caused by: org.springframework.beans.factory.UnsatisfiedDependencyException: Error creating bean with name 'assetServiceImpl' defined in file [E:\Data Journey\Subjects\Data Warehous\project\code\goldenhosewarehouse\goldenhosewarehouse\target\classes\com\example\goldenhosewarehouse\dal\service\impl\AssetServiceImpl.class]: Unsatisfied dependency expressed through constructor parameter 0: Error creating bean with name 'assetRepositoryImpl' defined in file [E:\Data Journey\Subjects\Data Warehous\project\code\goldenhosewarehouse\goldenhosewarehouse\target\classes\com\example\goldenhosewarehouse\dal\persistence\AssetRepositoryImpl.class]: Unsatisfied dependency expressed through constructor parameter 0: Error creating bean with name 'cassandraTemplate' defined in class path resource [org/springframework/boot/autoconfigure/data/cassandra/CassandraDataAutoConfiguration.class]: Unsatisfied dependency expressed through method 'cassandraTemplate' parameter 0: Error creating bean with name 'cassandraSessionFactory' defined in class path resource [org/springframework/boot/autoconfigure/data/cassandra/CassandraDataAutoConfiguration.class]: Error creating bean with name 'cassandraSession' defined in class path resource [org/springframework/boot/autoconfigure/cassandra/CassandraAutoConfiguration.class]: Failed to instantiate [com.datastax.oss.driver.api.core.CqlSession]: Factory method 'cassandraSession' threw exception with message: Invalid keyspace acme_productions
	at org.springframework.beans.factory.support.ConstructorResolver.createArgumentArray(ConstructorResolver.java:795)
	at org.springframework.beans.factory.support.ConstructorResolver.autowireConstructor(ConstructorResolver.java:237)
	at org.springframework.beans.factory.support.AbstractAutowireCapableBeanFactory.autowireConstructor(AbstractAutowireCapableBeanFactory.java:1375)
	at org.springframework.beans.factory.support.AbstractAutowireCapableBeanFactory.createBeanInstance(AbstractAutowireCapableBeanFactory.java:1212)
	at org.springframework.beans.factory.support.AbstractAutowireCapableBeanFactory.doCreateBean(AbstractAutowireCapableBeanFactory.java:562)
	at org.springframework.beans.factory.support.AbstractAutowireCapableBeanFactory.createBean(AbstractAutowireCapableBeanFactory.java:522)
	at org.springframework.beans.factory.support.AbstractBeanFactory.lambda$doGetBean$0(AbstractBeanFactory.java:337)
	at org.springframework.beans.factory.support.DefaultSingletonBeanRegistry.getSingleton(DefaultSingletonBeanRegistry.java:234)
	at org.springframework.beans.factory.support.AbstractBeanFactory.doGetBean(AbstractBeanFactory.java:335)
	at org.springframework.beans.factory.support.AbstractBeanFactory.getBean(AbstractBeanFactory.java:200)
	at org.springframework.beans.factory.config.DependencyDescriptor.resolveCandidate(DependencyDescriptor.java:254)
	at org.springframework.beans.factory.support.DefaultListableBeanFactory.doResolveDependency(DefaultListableBeanFactory.java:1443)
	at org.springframework.beans.factory.support.DefaultListableBeanFactory.resolveDependency(DefaultListableBeanFactory.java:1353)
	at org.springframework.beans.factory.support.ConstructorResolver.resolveAutowiredArgument(ConstructorResolver.java:904)
	at org.springframework.beans.factory.support.ConstructorResolver.createArgumentArray(ConstructorResolver.java:782)
	... 24 common frames omitted
Caused by: org.springframework.beans.factory.UnsatisfiedDependencyException: Error creating bean with name 'assetRepositoryImpl' defined in file [E:\Data Journey\Subjects\Data Warehous\project\code\goldenhosewarehouse\goldenhosewarehouse\target\classes\com\example\goldenhosewarehouse\dal\persistence\AssetRepositoryImpl.class]: Unsatisfied dependency expressed through constructor parameter 0: Error creating bean with name 'cassandraTemplate' defined in class path resource [org/springframework/boot/autoconfigure/data/cassandra/CassandraDataAutoConfiguration.class]: Unsatisfied dependency expressed through method 'cassandraTemplate' parameter 0: Error creating bean with name 'cassandraSessionFactory' defined in class path resource [org/springframework/boot/autoconfigure/data/cassandra/CassandraDataAutoConfiguration.class]: Error creating bean with name 'cassandraSession' defined in class path resource [org/springframework/boot/autoconfigure/cassandra/CassandraAutoConfiguration.class]: Failed to instantiate [com.datastax.oss.driver.api.core.CqlSession]: Factory method 'cassandraSession' threw exception with message: Invalid keyspace acme_productions
	at org.springframework.beans.factory.support.ConstructorResolver.createArgumentArray(ConstructorResolver.java:795)
	at org.springframework.beans.factory.support.ConstructorResolver.autowireConstructor(ConstructorResolver.java:237)
	at org.springframework.beans.factory.support.AbstractAutowireCapableBeanFactory.autowireConstructor(AbstractAutowireCapableBeanFactory.java:1375)
	at org.springframework.beans.factory.support.AbstractAutowireCapableBeanFactory.createBeanInstance(AbstractAutowireCapableBeanFactory.java:1212)
	at org.springframework.beans.factory.support.AbstractAutowireCapableBeanFactory.doCreateBean(AbstractAutowireCapableBeanFactory.java:562)
	at org.springframework.beans.factory.support.AbstractAutowireCapableBeanFactory.createBean(AbstractAutowireCapableBeanFactory.java:522)
	at org.springframework.beans.factory.support.AbstractBeanFactory.lambda$doGetBean$0(AbstractBeanFactory.java:337)
	at org.springframework.beans.factory.support.DefaultSingletonBeanRegistry.getSingleton(DefaultSingletonBeanRegistry.java:234)
	at org.springframework.beans.factory.support.AbstractBeanFactory.doGetBean(AbstractBeanFactory.java:335)
	at org.springframework.beans.factory.support.AbstractBeanFactory.getBean(AbstractBeanFactory.java:200)
	at org.springframework.beans.factory.config.DependencyDescriptor.resolveCandidate(DependencyDescriptor.java:254)
	at org.springframework.beans.factory.support.DefaultListableBeanFactory.doResolveDependency(DefaultListableBeanFactory.java:1443)
	at org.springframework.beans.factory.support.DefaultListableBeanFactory.resolveDependency(DefaultListableBeanFactory.java:1353)
	at org.springframework.beans.factory.support.ConstructorResolver.resolveAutowiredArgument(ConstructorResolver.java:904)
	at org.springframework.beans.factory.support.ConstructorResolver.createArgumentArray(ConstructorResolver.java:782)
	... 38 common frames omitted
Caused by: org.springframework.beans.factory.UnsatisfiedDependencyException: Error creating bean with name 'cassandraTemplate' defined in class path resource [org/springframework/boot/autoconfigure/data/cassandra/CassandraDataAutoConfiguration.class]: Unsatisfied dependency expressed through method 'cassandraTemplate' parameter 0: Error creating bean with name 'cassandraSessionFactory' defined in class path resource [org/springframework/boot/autoconfigure/data/cassandra/CassandraDataAutoConfiguration.class]: Error creating bean with name 'cassandraSession' defined in class path resource [org/springframework/boot/autoconfigure/cassandra/CassandraAutoConfiguration.class]: Failed to instantiate [com.datastax.oss.driver.api.core.CqlSession]: Factory method 'cassandraSession' threw exception with message: Invalid keyspace acme_productions
	at org.springframework.beans.factory.support.ConstructorResolver.createArgumentArray(ConstructorResolver.java:795)
	at org.springframework.beans.factory.support.ConstructorResolver.instantiateUsingFactoryMethod(ConstructorResolver.java:542)
	at org.springframework.beans.factory.support.AbstractAutowireCapableBeanFactory.instantiateUsingFactoryMethod(AbstractAutowireCapableBeanFactory.java:1355)
	at org.springframework.beans.factory.support.AbstractAutowireCapableBeanFactory.createBeanInstance(AbstractAutowireCapableBeanFactory.java:1185)
	at org.springframework.beans.factory.support.AbstractAutowireCapableBeanFactory.doCreateBean(AbstractAutowireCapableBeanFactory.java:562)
	at org.springframework.beans.factory.support.AbstractAutowireCapableBeanFactory.createBean(AbstractAutowireCapableBeanFactory.java:522)
	at org.springframework.beans.factory.support.AbstractBeanFactory.lambda$doGetBean$0(AbstractBeanFactory.java:337)
	at org.springframework.beans.factory.support.DefaultSingletonBeanRegistry.getSingleton(DefaultSingletonBeanRegistry.java:234)
	at org.springframework.beans.factory.support.AbstractBeanFactory.doGetBean(AbstractBeanFactory.java:335)
	at org.springframework.beans.factory.support.AbstractBeanFactory.getBean(AbstractBeanFactory.java:200)
	at org.springframework.beans.factory.config.DependencyDescriptor.resolveCandidate(DependencyDescriptor.java:254)
	at org.springframework.beans.factory.support.DefaultListableBeanFactory.doResolveDependency(DefaultListableBeanFactory.java:1443)
	at org.springframework.beans.factory.support.DefaultListableBeanFactory.resolveDependency(DefaultListableBeanFactory.java:1353)
	at org.springframework.beans.factory.support.ConstructorResolver.resolveAutowiredArgument(ConstructorResolver.java:904)
	at org.springframework.beans.factory.support.ConstructorResolver.createArgumentArray(ConstructorResolver.java:782)
	... 52 common frames omitted
Caused by: org.springframework.beans.factory.BeanCreationException: Error creating bean with name 'cassandraSessionFactory' defined in class path resource [org/springframework/boot/autoconfigure/data/cassandra/CassandraDataAutoConfiguration.class]: Error creating bean with name 'cassandraSession' defined in class path resource [org/springframework/boot/autoconfigure/cassandra/CassandraAutoConfiguration.class]: Failed to instantiate [com.datastax.oss.driver.api.core.CqlSession]: Factory method 'cassandraSession' threw exception with message: Invalid keyspace acme_productions
	at org.springframework.beans.factory.support.AbstractAutowireCapableBeanFactory.initializeBean(AbstractAutowireCapableBeanFactory.java:1806)
	at org.springframework.beans.factory.support.AbstractAutowireCapableBeanFactory.doCreateBean(AbstractAutowireCapableBeanFactory.java:600)
	at org.springframework.beans.factory.support.AbstractAutowireCapableBeanFactory.createBean(AbstractAutowireCapableBeanFactory.java:522)
	at org.springframework.beans.factory.support.AbstractBeanFactory.lambda$doGetBean$0(AbstractBeanFactory.java:337)
	at org.springframework.beans.factory.support.DefaultSingletonBeanRegistry.getSingleton(DefaultSingletonBeanRegistry.java:234)
	at org.springframework.beans.factory.support.AbstractBeanFactory.doGetBean(AbstractBeanFactory.java:335)
	at org.springframework.beans.factory.support.AbstractBeanFactory.getBean(AbstractBeanFactory.java:200)
	at org.springframework.beans.factory.config.DependencyDescriptor.resolveCandidate(DependencyDescriptor.java:254)
	at org.springframework.beans.factory.support.DefaultListableBeanFactory.doResolveDependency(DefaultListableBeanFactory.java:1443)
	at org.springframework.beans.factory.support.DefaultListableBeanFactory.resolveDependency(DefaultListableBeanFactory.java:1353)
	at org.springframework.beans.factory.support.ConstructorResolver.resolveAutowiredArgument(ConstructorResolver.java:904)
	at org.springframework.beans.factory.support.ConstructorResolver.createArgumentArray(ConstructorResolver.java:782)
	... 66 common frames omitted
Caused by: org.springframework.beans.factory.BeanCreationException: Error creating bean with name 'cassandraSession' defined in class path resource [org/springframework/boot/autoconfigure/cassandra/CassandraAutoConfiguration.class]: Failed to instantiate [com.datastax.oss.driver.api.core.CqlSession]: Factory method 'cassandraSession' threw exception with message: Invalid keyspace acme_productions
	at org.springframework.beans.factory.support.ConstructorResolver.instantiate(ConstructorResolver.java:648)
	at org.springframework.beans.factory.support.ConstructorResolver.instantiateUsingFactoryMethod(ConstructorResolver.java:636)
	at org.springframework.beans.factory.support.AbstractAutowireCapableBeanFactory.instantiateUsingFactoryMethod(AbstractAutowireCapableBeanFactory.java:1355)
	at org.springframework.beans.factory.support.AbstractAutowireCapableBeanFactory.createBeanInstance(AbstractAutowireCapableBeanFactory.java:1185)
	at org.springframework.beans.factory.support.AbstractAutowireCapableBeanFactory.doCreateBean(AbstractAutowireCapableBeanFactory.java:562)
	at org.springframework.beans.factory.support.AbstractAutowireCapableBeanFactory.createBean(AbstractAutowireCapableBeanFactory.java:522)
	at org.springframework.beans.factory.support.AbstractBeanFactory.lambda$doGetBean$0(AbstractBeanFactory.java:337)
	at org.springframework.beans.factory.support.DefaultSingletonBeanRegistry.getSingleton(DefaultSingletonBeanRegistry.java:234)
	at org.springframework.beans.factory.support.AbstractBeanFactory.doGetBean(AbstractBeanFactory.java:335)
	at org.springframework.beans.factory.support.AbstractBeanFactory.getBean(AbstractBeanFactory.java:200)
	at org.springframework.beans.factory.config.DependencyDescriptor.resolveCandidate(DependencyDescriptor.java:254)
	at org.springframework.beans.factory.support.DefaultListableBeanFactory.doResolveDependency(DefaultListableBeanFactory.java:1443)
	at org.springframework.context.annotation.ContextAnnotationAutowireCandidateResolver$1.getTarget(ContextAnnotationAutowireCandidateResolver.java:103)
	at org.springframework.aop.framework.JdkDynamicAopProxy.invoke(JdkDynamicAopProxy.java:203)
	at jdk.proxy3/jdk.proxy3.$Proxy69.getContext(Unknown Source)
	at org.springframework.boot.autoconfigure.data.cassandra.CassandraDataAutoConfiguration.lambda$cassandraConverter$0(CassandraDataAutoConfiguration.java:100)
	at org.springframework.data.util.Lazy.getNullable(Lazy.java:135)
	at org.springframework.data.util.Lazy.get(Lazy.java:113)
	at org.springframework.data.cassandra.core.convert.MappingCassandraConverter.getCodecRegistry(MappingCassandraConverter.java:264)
	at org.springframework.data.cassandra.core.convert.DefaultColumnTypeResolver.getCodecRegistry(DefaultColumnTypeResolver.java:485)
	at org.springframework.data.cassandra.core.convert.DefaultColumnTypeResolver.tryResolve(DefaultColumnTypeResolver.java:244)
	at org.springframework.data.cassandra.core.convert.DefaultColumnTypeResolver.createCassandraTypeDescriptor(DefaultColumnTypeResolver.java:466)
	at org.springframework.data.cassandra.core.convert.DefaultColumnTypeResolver.lambda$resolve$1(DefaultColumnTypeResolver.java:225)
	at java.base/java.util.Optional.orElseGet(Optional.java:364)
	at org.springframework.data.cassandra.core.convert.DefaultColumnTypeResolver.resolve(DefaultColumnTypeResolver.java:224)
	at org.springframework.data.cassandra.core.convert.DefaultColumnTypeResolver.doResolve(DefaultColumnTypeResolver.java:170)
	at org.springframework.data.cassandra.core.convert.DefaultColumnTypeResolver.resolve(DefaultColumnTypeResolver.java:111)
	at org.springframework.data.cassandra.core.convert.SchemaFactory.getDataType(SchemaFactory.java:197)
	at org.springframework.data.cassandra.core.convert.SchemaFactory.getCreateTableSpecificationFor(SchemaFactory.java:173)
	at org.springframework.data.cassandra.core.convert.SchemaFactory.getCreateTableSpecificationFor(SchemaFactory.java:126)
	at org.springframework.data.cassandra.core.CassandraPersistentEntitySchemaCreator.lambda$createTableSpecifications$1(CassandraPersistentEntitySchemaCreator.java:113)
	at java.base/java.util.stream.ReferencePipeline$3$1.accept(ReferencePipeline.java:197)
	at java.base/java.util.concurrent.ConcurrentHashMap$KeySpliterator.forEachRemaining(ConcurrentHashMap.java:3573)
	at java.base/java.util.stream.AbstractPipeline.copyInto(AbstractPipeline.java:509)
	at java.base/java.util.stream.AbstractPipeline.wrapAndCopyInto(AbstractPipeline.java:499)
	at java.base/java.util.stream.ReduceOps$ReduceOp.evaluateSequential(ReduceOps.java:921)
	at java.base/java.util.stream.AbstractPipeline.evaluate(AbstractPipeline.java:234)
	at java.base/java.util.stream.ReferencePipeline.collect(ReferencePipeline.java:682)
	at org.springframework.data.cassandra.core.CassandraPersistentEntitySchemaCreator.createTableSpecifications(CassandraPersistentEntitySchemaCreator.java:115)
	at org.springframework.data.cassandra.core.CassandraPersistentEntitySchemaCreator.createTables(CassandraPersistentEntitySchemaCreator.java:98)
	at org.springframework.data.cassandra.config.SessionFactoryFactoryBean.performSchemaActions(SessionFactoryFactoryBean.java:267)
	at org.springframework.data.cassandra.config.SessionFactoryFactoryBean.createTables(SessionFactoryFactoryBean.java:238)
	at org.springframework.data.cassandra.config.SessionFactoryFactoryBean.performSchemaAction(SessionFactoryFactoryBean.java:224)
	at org.springframework.data.cassandra.config.SessionFactoryFactoryBean.lambda$afterPropertiesSet$0(SessionFactoryFactoryBean.java:157)
	at org.springframework.data.cassandra.config.SchemaUtils.withAsyncSchemaRefresh(SchemaUtils.java:96)
	at org.springframework.data.cassandra.config.SchemaUtils.withSchemaRefresh(SchemaUtils.java:84)
	at org.springframework.data.cassandra.config.SessionFactoryFactoryBean.afterPropertiesSet(SessionFactoryFactoryBean.java:163)
	at org.springframework.beans.factory.support.AbstractAutowireCapableBeanFactory.invokeInitMethods(AbstractAutowireCapableBeanFactory.java:1853)
	at org.springframework.beans.factory.support.AbstractAutowireCapableBeanFactory.initializeBean(AbstractAutowireCapableBeanFactory.java:1802)
	... 77 common frames omitted
Caused by: org.springframework.beans.BeanInstantiationException: Failed to instantiate [com.datastax.oss.driver.api.core.CqlSession]: Factory method 'cassandraSession' threw exception with message: Invalid keyspace acme_productions
	at org.springframework.beans.factory.support.SimpleInstantiationStrategy.instantiate(SimpleInstantiationStrategy.java:178)
	at org.springframework.beans.factory.support.ConstructorResolver.instantiate(ConstructorResolver.java:644)
	... 125 common frames omitted
Caused by: com.datastax.oss.driver.api.core.InvalidKeyspaceException: Invalid keyspace acme_productions
	at com.datastax.oss.driver.api.core.InvalidKeyspaceException.copy(InvalidKeyspaceException.java:36)
	at com.datastax.oss.driver.internal.core.util.concurrent.CompletableFutures.getUninterruptibly(CompletableFutures.java:151)
	at com.datastax.oss.driver.api.core.session.SessionBuilder.build(SessionBuilder.java:837)
	at org.springframework.boot.autoconfigure.cassandra.CassandraAutoConfiguration.cassandraSession(CassandraAutoConfiguration.java:109)
	at java.base/jdk.internal.reflect.NativeMethodAccessorImpl.invoke0(Native Method)
	at java.base/jdk.internal.reflect.NativeMethodAccessorImpl.invoke(NativeMethodAccessorImpl.java:77)
	at java.base/jdk.internal.reflect.DelegatingMethodAccessorImpl.invoke(DelegatingMethodAccessorImpl.java:43)
	at java.base/java.lang.reflect.Method.invoke(Method.java:568)
	at org.springframework.beans.factory.support.SimpleInstantiationStrategy.instantiate(SimpleInstantiationStrategy.java:146)
	... 126 common frames omitted
2026-06-06 12:05:28,222 INFO  [restartedMain] o.s.b.StartupInfoLogger: Starting GoldenhosewarehouseApplication using Java 17.0.17 with PID 55564 (E:\Data Journey\Subjects\Data Warehous\project\code\goldenhosewarehouse\goldenhosewarehouse\target\classes started by thbea in E:\Data Journey\Subjects\Data Warehous\project\code\goldenhosewarehouse\goldenhosewarehouse)
2026-06-06 12:05:28,226 INFO  [restartedMain] o.s.b.SpringApplication: No active profile set, falling back to 1 default profile: "default"
2026-06-06 12:05:28,288 INFO  [restartedMain] o.s.b.l.DeferredLog: Devtools property defaults active! Set 'spring.devtools.add-properties' to 'false' to disable
2026-06-06 12:05:28,290 INFO  [restartedMain] o.s.b.l.DeferredLog: For additional web related logging consider setting the 'logging.level.web' property to 'DEBUG'
2026-06-06 12:05:28,933 INFO  [restartedMain] o.s.d.r.c.RepositoryConfigurationDelegate: Bootstrapping Spring Data Reactive Cassandra repositories in DEFAULT mode.
2026-06-06 12:05:28,959 INFO  [restartedMain] o.s.d.r.c.RepositoryConfigurationDelegate: Finished Spring Data repository scanning in 23 ms. Found 0 Reactive Cassandra repository interfaces.
2026-06-06 12:05:28,966 INFO  [restartedMain] o.s.d.r.c.RepositoryConfigurationDelegate: Bootstrapping Spring Data Cassandra repositories in DEFAULT mode.
2026-06-06 12:05:28,988 INFO  [restartedMain] o.s.d.r.c.RepositoryConfigurationDelegate: Finished Spring Data repository scanning in 21 ms. Found 1 Cassandra repository interface.
2026-06-06 12:05:29,376 INFO  [restartedMain] o.s.b.w.e.t.TomcatWebServer: Tomcat initialized with port 8080 (http)
2026-06-06 12:05:29,383 INFO  [restartedMain] o.a.j.l.DirectJDKLog: Initializing ProtocolHandler ["http-nio-8080"]
2026-06-06 12:05:29,386 INFO  [restartedMain] o.a.j.l.DirectJDKLog: Starting service [Tomcat]
2026-06-06 12:05:29,386 INFO  [restartedMain] o.a.j.l.DirectJDKLog: Starting Servlet engine: [Apache Tomcat/10.1.30]
2026-06-06 12:05:29,427 INFO  [restartedMain] o.a.j.l.DirectJDKLog: Initializing Spring embedded WebApplicationContext
2026-06-06 12:05:29,427 INFO  [restartedMain] o.s.b.w.s.c.ServletWebServerApplicationContext: Root WebApplicationContext: initialization completed in 1136 ms
2026-06-06 12:05:29,484 INFO  [restartedMain] c.d.o.d.i.c.DefaultMavenCoordinates: Apache Cassandra Java Driver (org.apache.cassandra:java-driver-core) version 4.18.1
2026-06-06 12:05:29,677 INFO  [restartedMain] o.s.b.d.a.OptionalLiveReloadServer: LiveReload server is running on port 35729
2026-06-06 12:05:29,951 INFO  [restartedMain] c.d.o.d.i.c.c.CqlPrepareAsyncProcessor: Adding handler to invalidate cached prepared statements on type changes
2026-06-06 12:05:30,145 INFO  [s0-admin-0] c.d.o.d.i.c.t.Clock: Using native clock for microsecond precision
2026-06-06 12:05:32,596 WARN  [restartedMain] o.s.c.s.AbstractApplicationContext: Exception encountered during context initialization - cancelling refresh attempt: org.springframework.beans.factory.UnsatisfiedDependencyException: Error creating bean with name 'assetController' defined in file [E:\Data Journey\Subjects\Data Warehous\project\code\goldenhosewarehouse\goldenhosewarehouse\target\classes\com\example\goldenhosewarehouse\api\web\AssetController.class]: Unsatisfied dependency expressed through constructor parameter 0: Error creating bean with name 'assetServiceImpl' defined in file [E:\Data Journey\Subjects\Data Warehous\project\code\goldenhosewarehouse\goldenhosewarehouse\target\classes\com\example\goldenhosewarehouse\dal\service\impl\AssetServiceImpl.class]: Unsatisfied dependency expressed through constructor parameter 0: Error creating bean with name 'assetRepositoryImpl' defined in file [E:\Data Journey\Subjects\Data Warehous\project\code\goldenhosewarehouse\goldenhosewarehouse\target\classes\com\example\goldenhosewarehouse\dal\persistence\AssetRepositoryImpl.class]: Unsatisfied dependency expressed through constructor parameter 0: Error creating bean with name 'cassandraTemplate' defined in class path resource [org/springframework/boot/autoconfigure/data/cassandra/CassandraDataAutoConfiguration.class]: Unsatisfied dependency expressed through method 'cassandraTemplate' parameter 0: Error creating bean with name 'cassandraSessionFactory' defined in class path resource [org/springframework/boot/autoconfigure/data/cassandra/CassandraDataAutoConfiguration.class]: Error creating bean with name 'cassandraSession' defined in class path resource [org/springframework/boot/autoconfigure/cassandra/CassandraAutoConfiguration.class]: Failed to instantiate [com.datastax.oss.driver.api.core.CqlSession]: Factory method 'cassandraSession' threw exception with message: Invalid keyspace acme_productions
2026-06-06 12:05:32,600 INFO  [restartedMain] o.a.j.l.DirectJDKLog: Stopping service [Tomcat]
2026-06-06 12:05:32,614 INFO  [restartedMain] o.s.b.a.l.ConditionEvaluationReportLogger: 

Error starting ApplicationContext. To display the condition evaluation report re-run your application with 'debug' enabled.
2026-06-06 12:05:32,631 ERROR [restartedMain] o.s.b.SpringApplication: Application run failed
org.springframework.beans.factory.UnsatisfiedDependencyException: Error creating bean with name 'assetController' defined in file [E:\Data Journey\Subjects\Data Warehous\project\code\goldenhosewarehouse\goldenhosewarehouse\target\classes\com\example\goldenhosewarehouse\api\web\AssetController.class]: Unsatisfied dependency expressed through constructor parameter 0: Error creating bean with name 'assetServiceImpl' defined in file [E:\Data Journey\Subjects\Data Warehous\project\code\goldenhosewarehouse\goldenhosewarehouse\target\classes\com\example\goldenhosewarehouse\dal\service\impl\AssetServiceImpl.class]: Unsatisfied dependency expressed through constructor parameter 0: Error creating bean with name 'assetRepositoryImpl' defined in file [E:\Data Journey\Subjects\Data Warehous\project\code\goldenhosewarehouse\goldenhosewarehouse\target\classes\com\example\goldenhosewarehouse\dal\persistence\AssetRepositoryImpl.class]: Unsatisfied dependency expressed through constructor parameter 0: Error creating bean with name 'cassandraTemplate' defined in class path resource [org/springframework/boot/autoconfigure/data/cassandra/CassandraDataAutoConfiguration.class]: Unsatisfied dependency expressed through method 'cassandraTemplate' parameter 0: Error creating bean with name 'cassandraSessionFactory' defined in class path resource [org/springframework/boot/autoconfigure/data/cassandra/CassandraDataAutoConfiguration.class]: Error creating bean with name 'cassandraSession' defined in class path resource [org/springframework/boot/autoconfigure/cassandra/CassandraAutoConfiguration.class]: Failed to instantiate [com.datastax.oss.driver.api.core.CqlSession]: Factory method 'cassandraSession' threw exception with message: Invalid keyspace acme_productions
	at org.springframework.beans.factory.support.ConstructorResolver.createArgumentArray(ConstructorResolver.java:795)
	at org.springframework.beans.factory.support.ConstructorResolver.autowireConstructor(ConstructorResolver.java:237)
	at org.springframework.beans.factory.support.AbstractAutowireCapableBeanFactory.autowireConstructor(AbstractAutowireCapableBeanFactory.java:1375)
	at org.springframework.beans.factory.support.AbstractAutowireCapableBeanFactory.createBeanInstance(AbstractAutowireCapableBeanFactory.java:1212)
	at org.springframework.beans.factory.support.AbstractAutowireCapableBeanFactory.doCreateBean(AbstractAutowireCapableBeanFactory.java:562)
	at org.springframework.beans.factory.support.AbstractAutowireCapableBeanFactory.createBean(AbstractAutowireCapableBeanFactory.java:522)
	at org.springframework.beans.factory.support.AbstractBeanFactory.lambda$doGetBean$0(AbstractBeanFactory.java:337)
	at org.springframework.beans.factory.support.DefaultSingletonBeanRegistry.getSingleton(DefaultSingletonBeanRegistry.java:234)
	at org.springframework.beans.factory.support.AbstractBeanFactory.doGetBean(AbstractBeanFactory.java:335)
	at org.springframework.beans.factory.support.AbstractBeanFactory.getBean(AbstractBeanFactory.java:200)
	at org.springframework.beans.factory.support.DefaultListableBeanFactory.preInstantiateSingletons(DefaultListableBeanFactory.java:975)
	at org.springframework.context.support.AbstractApplicationContext.finishBeanFactoryInitialization(AbstractApplicationContext.java:971)
	at org.springframework.context.support.AbstractApplicationContext.refresh(AbstractApplicationContext.java:625)
	at org.springframework.boot.web.servlet.context.ServletWebServerApplicationContext.refresh(ServletWebServerApplicationContext.java:146)
	at org.springframework.boot.SpringApplication.refresh(SpringApplication.java:754)
	at org.springframework.boot.SpringApplication.refreshContext(SpringApplication.java:456)
	at org.springframework.boot.SpringApplication.run(SpringApplication.java:335)
	at org.springframework.boot.SpringApplication.run(SpringApplication.java:1363)
	at org.springframework.boot.SpringApplication.run(SpringApplication.java:1352)
	at com.example.goldenhosewarehouse.GoldenhosewarehouseApplication.main(GoldenhosewarehouseApplication.java:10)
	at java.base/jdk.internal.reflect.NativeMethodAccessorImpl.invoke0(Native Method)
	at java.base/jdk.internal.reflect.NativeMethodAccessorImpl.invoke(NativeMethodAccessorImpl.java:77)
	at java.base/jdk.internal.reflect.DelegatingMethodAccessorImpl.invoke(DelegatingMethodAccessorImpl.java:43)
	at java.base/java.lang.reflect.Method.invoke(Method.java:568)
	at org.springframework.boot.devtools.restart.RestartLauncher.run(RestartLauncher.java:50)
Caused by: org.springframework.beans.factory.UnsatisfiedDependencyException: Error creating bean with name 'assetServiceImpl' defined in file [E:\Data Journey\Subjects\Data Warehous\project\code\goldenhosewarehouse\goldenhosewarehouse\target\classes\com\example\goldenhosewarehouse\dal\service\impl\AssetServiceImpl.class]: Unsatisfied dependency expressed through constructor parameter 0: Error creating bean with name 'assetRepositoryImpl' defined in file [E:\Data Journey\Subjects\Data Warehous\project\code\goldenhosewarehouse\goldenhosewarehouse\target\classes\com\example\goldenhosewarehouse\dal\persistence\AssetRepositoryImpl.class]: Unsatisfied dependency expressed through constructor parameter 0: Error creating bean with name 'cassandraTemplate' defined in class path resource [org/springframework/boot/autoconfigure/data/cassandra/CassandraDataAutoConfiguration.class]: Unsatisfied dependency expressed through method 'cassandraTemplate' parameter 0: Error creating bean with name 'cassandraSessionFactory' defined in class path resource [org/springframework/boot/autoconfigure/data/cassandra/CassandraDataAutoConfiguration.class]: Error creating bean with name 'cassandraSession' defined in class path resource [org/springframework/boot/autoconfigure/cassandra/CassandraAutoConfiguration.class]: Failed to instantiate [com.datastax.oss.driver.api.core.CqlSession]: Factory method 'cassandraSession' threw exception with message: Invalid keyspace acme_productions
	at org.springframework.beans.factory.support.ConstructorResolver.createArgumentArray(ConstructorResolver.java:795)
	at org.springframework.beans.factory.support.ConstructorResolver.autowireConstructor(ConstructorResolver.java:237)
	at org.springframework.beans.factory.support.AbstractAutowireCapableBeanFactory.autowireConstructor(AbstractAutowireCapableBeanFactory.java:1375)
	at org.springframework.beans.factory.support.AbstractAutowireCapableBeanFactory.createBeanInstance(AbstractAutowireCapableBeanFactory.java:1212)
	at org.springframework.beans.factory.support.AbstractAutowireCapableBeanFactory.doCreateBean(AbstractAutowireCapableBeanFactory.java:562)
	at org.springframework.beans.factory.support.AbstractAutowireCapableBeanFactory.createBean(AbstractAutowireCapableBeanFactory.java:522)
	at org.springframework.beans.factory.support.AbstractBeanFactory.lambda$doGetBean$0(AbstractBeanFactory.java:337)
	at org.springframework.beans.factory.support.DefaultSingletonBeanRegistry.getSingleton(DefaultSingletonBeanRegistry.java:234)
	at org.springframework.beans.factory.support.AbstractBeanFactory.doGetBean(AbstractBeanFactory.java:335)
	at org.springframework.beans.factory.support.AbstractBeanFactory.getBean(AbstractBeanFactory.java:200)
	at org.springframework.beans.factory.config.DependencyDescriptor.resolveCandidate(DependencyDescriptor.java:254)
	at org.springframework.beans.factory.support.DefaultListableBeanFactory.doResolveDependency(DefaultListableBeanFactory.java:1443)
	at org.springframework.beans.factory.support.DefaultListableBeanFactory.resolveDependency(DefaultListableBeanFactory.java:1353)
	at org.springframework.beans.factory.support.ConstructorResolver.resolveAutowiredArgument(ConstructorResolver.java:904)
	at org.springframework.beans.factory.support.ConstructorResolver.createArgumentArray(ConstructorResolver.java:782)
	... 24 common frames omitted
Caused by: org.springframework.beans.factory.UnsatisfiedDependencyException: Error creating bean with name 'assetRepositoryImpl' defined in file [E:\Data Journey\Subjects\Data Warehous\project\code\goldenhosewarehouse\goldenhosewarehouse\target\classes\com\example\goldenhosewarehouse\dal\persistence\AssetRepositoryImpl.class]: Unsatisfied dependency expressed through constructor parameter 0: Error creating bean with name 'cassandraTemplate' defined in class path resource [org/springframework/boot/autoconfigure/data/cassandra/CassandraDataAutoConfiguration.class]: Unsatisfied dependency expressed through method 'cassandraTemplate' parameter 0: Error creating bean with name 'cassandraSessionFactory' defined in class path resource [org/springframework/boot/autoconfigure/data/cassandra/CassandraDataAutoConfiguration.class]: Error creating bean with name 'cassandraSession' defined in class path resource [org/springframework/boot/autoconfigure/cassandra/CassandraAutoConfiguration.class]: Failed to instantiate [com.datastax.oss.driver.api.core.CqlSession]: Factory method 'cassandraSession' threw exception with message: Invalid keyspace acme_productions
	at org.springframework.beans.factory.support.ConstructorResolver.createArgumentArray(ConstructorResolver.java:795)
	at org.springframework.beans.factory.support.ConstructorResolver.autowireConstructor(ConstructorResolver.java:237)
	at org.springframework.beans.factory.support.AbstractAutowireCapableBeanFactory.autowireConstructor(AbstractAutowireCapableBeanFactory.java:1375)
	at org.springframework.beans.factory.support.AbstractAutowireCapableBeanFactory.createBeanInstance(AbstractAutowireCapableBeanFactory.java:1212)
	at org.springframework.beans.factory.support.AbstractAutowireCapableBeanFactory.doCreateBean(AbstractAutowireCapableBeanFactory.java:562)
	at org.springframework.beans.factory.support.AbstractAutowireCapableBeanFactory.createBean(AbstractAutowireCapableBeanFactory.java:522)
	at org.springframework.beans.factory.support.AbstractBeanFactory.lambda$doGetBean$0(AbstractBeanFactory.java:337)
	at org.springframework.beans.factory.support.DefaultSingletonBeanRegistry.getSingleton(DefaultSingletonBeanRegistry.java:234)
	at org.springframework.beans.factory.support.AbstractBeanFactory.doGetBean(AbstractBeanFactory.java:335)
	at org.springframework.beans.factory.support.AbstractBeanFactory.getBean(AbstractBeanFactory.java:200)
	at org.springframework.beans.factory.config.DependencyDescriptor.resolveCandidate(DependencyDescriptor.java:254)
	at org.springframework.beans.factory.support.DefaultListableBeanFactory.doResolveDependency(DefaultListableBeanFactory.java:1443)
	at org.springframework.beans.factory.support.DefaultListableBeanFactory.resolveDependency(DefaultListableBeanFactory.java:1353)
	at org.springframework.beans.factory.support.ConstructorResolver.resolveAutowiredArgument(ConstructorResolver.java:904)
	at org.springframework.beans.factory.support.ConstructorResolver.createArgumentArray(ConstructorResolver.java:782)
	... 38 common frames omitted
Caused by: org.springframework.beans.factory.UnsatisfiedDependencyException: Error creating bean with name 'cassandraTemplate' defined in class path resource [org/springframework/boot/autoconfigure/data/cassandra/CassandraDataAutoConfiguration.class]: Unsatisfied dependency expressed through method 'cassandraTemplate' parameter 0: Error creating bean with name 'cassandraSessionFactory' defined in class path resource [org/springframework/boot/autoconfigure/data/cassandra/CassandraDataAutoConfiguration.class]: Error creating bean with name 'cassandraSession' defined in class path resource [org/springframework/boot/autoconfigure/cassandra/CassandraAutoConfiguration.class]: Failed to instantiate [com.datastax.oss.driver.api.core.CqlSession]: Factory method 'cassandraSession' threw exception with message: Invalid keyspace acme_productions
	at org.springframework.beans.factory.support.ConstructorResolver.createArgumentArray(ConstructorResolver.java:795)
	at org.springframework.beans.factory.support.ConstructorResolver.instantiateUsingFactoryMethod(ConstructorResolver.java:542)
	at org.springframework.beans.factory.support.AbstractAutowireCapableBeanFactory.instantiateUsingFactoryMethod(AbstractAutowireCapableBeanFactory.java:1355)
	at org.springframework.beans.factory.support.AbstractAutowireCapableBeanFactory.createBeanInstance(AbstractAutowireCapableBeanFactory.java:1185)
	at org.springframework.beans.factory.support.AbstractAutowireCapableBeanFactory.doCreateBean(AbstractAutowireCapableBeanFactory.java:562)
	at org.springframework.beans.factory.support.AbstractAutowireCapableBeanFactory.createBean(AbstractAutowireCapableBeanFactory.java:522)
	at org.springframework.beans.factory.support.AbstractBeanFactory.lambda$doGetBean$0(AbstractBeanFactory.java:337)
	at org.springframework.beans.factory.support.DefaultSingletonBeanRegistry.getSingleton(DefaultSingletonBeanRegistry.java:234)
	at org.springframework.beans.factory.support.AbstractBeanFactory.doGetBean(AbstractBeanFactory.java:335)
	at org.springframework.beans.factory.support.AbstractBeanFactory.getBean(AbstractBeanFactory.java:200)
	at org.springframework.beans.factory.config.DependencyDescriptor.resolveCandidate(DependencyDescriptor.java:254)
	at org.springframework.beans.factory.support.DefaultListableBeanFactory.doResolveDependency(DefaultListableBeanFactory.java:1443)
	at org.springframework.beans.factory.support.DefaultListableBeanFactory.resolveDependency(DefaultListableBeanFactory.java:1353)
	at org.springframework.beans.factory.support.ConstructorResolver.resolveAutowiredArgument(ConstructorResolver.java:904)
	at org.springframework.beans.factory.support.ConstructorResolver.createArgumentArray(ConstructorResolver.java:782)
	... 52 common frames omitted
Caused by: org.springframework.beans.factory.BeanCreationException: Error creating bean with name 'cassandraSessionFactory' defined in class path resource [org/springframework/boot/autoconfigure/data/cassandra/CassandraDataAutoConfiguration.class]: Error creating bean with name 'cassandraSession' defined in class path resource [org/springframework/boot/autoconfigure/cassandra/CassandraAutoConfiguration.class]: Failed to instantiate [com.datastax.oss.driver.api.core.CqlSession]: Factory method 'cassandraSession' threw exception with message: Invalid keyspace acme_productions
	at org.springframework.beans.factory.support.AbstractAutowireCapableBeanFactory.initializeBean(AbstractAutowireCapableBeanFactory.java:1806)
	at org.springframework.beans.factory.support.AbstractAutowireCapableBeanFactory.doCreateBean(AbstractAutowireCapableBeanFactory.java:600)
	at org.springframework.beans.factory.support.AbstractAutowireCapableBeanFactory.createBean(AbstractAutowireCapableBeanFactory.java:522)
	at org.springframework.beans.factory.support.AbstractBeanFactory.lambda$doGetBean$0(AbstractBeanFactory.java:337)
	at org.springframework.beans.factory.support.DefaultSingletonBeanRegistry.getSingleton(DefaultSingletonBeanRegistry.java:234)
	at org.springframework.beans.factory.support.AbstractBeanFactory.doGetBean(AbstractBeanFactory.java:335)
	at org.springframework.beans.factory.support.AbstractBeanFactory.getBean(AbstractBeanFactory.java:200)
	at org.springframework.beans.factory.config.DependencyDescriptor.resolveCandidate(DependencyDescriptor.java:254)
	at org.springframework.beans.factory.support.DefaultListableBeanFactory.doResolveDependency(DefaultListableBeanFactory.java:1443)
	at org.springframework.beans.factory.support.DefaultListableBeanFactory.resolveDependency(DefaultListableBeanFactory.java:1353)
	at org.springframework.beans.factory.support.ConstructorResolver.resolveAutowiredArgument(ConstructorResolver.java:904)
	at org.springframework.beans.factory.support.ConstructorResolver.createArgumentArray(ConstructorResolver.java:782)
	... 66 common frames omitted
Caused by: org.springframework.beans.factory.BeanCreationException: Error creating bean with name 'cassandraSession' defined in class path resource [org/springframework/boot/autoconfigure/cassandra/CassandraAutoConfiguration.class]: Failed to instantiate [com.datastax.oss.driver.api.core.CqlSession]: Factory method 'cassandraSession' threw exception with message: Invalid keyspace acme_productions
	at org.springframework.beans.factory.support.ConstructorResolver.instantiate(ConstructorResolver.java:648)
	at org.springframework.beans.factory.support.ConstructorResolver.instantiateUsingFactoryMethod(ConstructorResolver.java:636)
	at org.springframework.beans.factory.support.AbstractAutowireCapableBeanFactory.instantiateUsingFactoryMethod(AbstractAutowireCapableBeanFactory.java:1355)
	at org.springframework.beans.factory.support.AbstractAutowireCapableBeanFactory.createBeanInstance(AbstractAutowireCapableBeanFactory.java:1185)
	at org.springframework.beans.factory.support.AbstractAutowireCapableBeanFactory.doCreateBean(AbstractAutowireCapableBeanFactory.java:562)
	at org.springframework.beans.factory.support.AbstractAutowireCapableBeanFactory.createBean(AbstractAutowireCapableBeanFactory.java:522)
	at org.springframework.beans.factory.support.AbstractBeanFactory.lambda$doGetBean$0(AbstractBeanFactory.java:337)
	at org.springframework.beans.factory.support.DefaultSingletonBeanRegistry.getSingleton(DefaultSingletonBeanRegistry.java:234)
	at org.springframework.beans.factory.support.AbstractBeanFactory.doGetBean(AbstractBeanFactory.java:335)
	at org.springframework.beans.factory.support.AbstractBeanFactory.getBean(AbstractBeanFactory.java:200)
	at org.springframework.beans.factory.config.DependencyDescriptor.resolveCandidate(DependencyDescriptor.java:254)
	at org.springframework.beans.factory.support.DefaultListableBeanFactory.doResolveDependency(DefaultListableBeanFactory.java:1443)
	at org.springframework.context.annotation.ContextAnnotationAutowireCandidateResolver$1.getTarget(ContextAnnotationAutowireCandidateResolver.java:103)
	at org.springframework.aop.framework.JdkDynamicAopProxy.invoke(JdkDynamicAopProxy.java:203)
	at jdk.proxy3/jdk.proxy3.$Proxy69.getContext(Unknown Source)
	at org.springframework.boot.autoconfigure.data.cassandra.CassandraDataAutoConfiguration.lambda$cassandraConverter$0(CassandraDataAutoConfiguration.java:100)
	at org.springframework.data.util.Lazy.getNullable(Lazy.java:135)
	at org.springframework.data.util.Lazy.get(Lazy.java:113)
	at org.springframework.data.cassandra.core.convert.MappingCassandraConverter.getCodecRegistry(MappingCassandraConverter.java:264)
	at org.springframework.data.cassandra.core.convert.DefaultColumnTypeResolver.getCodecRegistry(DefaultColumnTypeResolver.java:485)
	at org.springframework.data.cassandra.core.convert.DefaultColumnTypeResolver.tryResolve(DefaultColumnTypeResolver.java:244)
	at org.springframework.data.cassandra.core.convert.DefaultColumnTypeResolver.createCassandraTypeDescriptor(DefaultColumnTypeResolver.java:466)
	at org.springframework.data.cassandra.core.convert.DefaultColumnTypeResolver.lambda$resolve$1(DefaultColumnTypeResolver.java:225)
	at java.base/java.util.Optional.orElseGet(Optional.java:364)
	at org.springframework.data.cassandra.core.convert.DefaultColumnTypeResolver.resolve(DefaultColumnTypeResolver.java:224)
	at org.springframework.data.cassandra.core.convert.DefaultColumnTypeResolver.doResolve(DefaultColumnTypeResolver.java:170)
	at org.springframework.data.cassandra.core.convert.DefaultColumnTypeResolver.resolve(DefaultColumnTypeResolver.java:111)
	at org.springframework.data.cassandra.core.convert.SchemaFactory.getDataType(SchemaFactory.java:197)
	at org.springframework.data.cassandra.core.convert.SchemaFactory.getCreateTableSpecificationFor(SchemaFactory.java:173)
	at org.springframework.data.cassandra.core.convert.SchemaFactory.getCreateTableSpecificationFor(SchemaFactory.java:126)
	at org.springframework.data.cassandra.core.CassandraPersistentEntitySchemaCreator.lambda$createTableSpecifications$1(CassandraPersistentEntitySchemaCreator.java:113)
	at java.base/java.util.stream.ReferencePipeline$3$1.accept(ReferencePipeline.java:197)
	at java.base/java.util.concurrent.ConcurrentHashMap$KeySpliterator.forEachRemaining(ConcurrentHashMap.java:3573)
	at java.base/java.util.stream.AbstractPipeline.copyInto(AbstractPipeline.java:509)
	at java.base/java.util.stream.AbstractPipeline.wrapAndCopyInto(AbstractPipeline.java:499)
	at java.base/java.util.stream.ReduceOps$ReduceOp.evaluateSequential(ReduceOps.java:921)
	at java.base/java.util.stream.AbstractPipeline.evaluate(AbstractPipeline.java:234)
	at java.base/java.util.stream.ReferencePipeline.collect(ReferencePipeline.java:682)
	at org.springframework.data.cassandra.core.CassandraPersistentEntitySchemaCreator.createTableSpecifications(CassandraPersistentEntitySchemaCreator.java:115)
	at org.springframework.data.cassandra.core.CassandraPersistentEntitySchemaCreator.createTables(CassandraPersistentEntitySchemaCreator.java:98)
	at org.springframework.data.cassandra.config.SessionFactoryFactoryBean.performSchemaActions(SessionFactoryFactoryBean.java:267)
	at org.springframework.data.cassandra.config.SessionFactoryFactoryBean.createTables(SessionFactoryFactoryBean.java:238)
	at org.springframework.data.cassandra.config.SessionFactoryFactoryBean.performSchemaAction(SessionFactoryFactoryBean.java:224)
	at org.springframework.data.cassandra.config.SessionFactoryFactoryBean.lambda$afterPropertiesSet$0(SessionFactoryFactoryBean.java:157)
	at org.springframework.data.cassandra.config.SchemaUtils.withAsyncSchemaRefresh(SchemaUtils.java:96)
	at org.springframework.data.cassandra.config.SchemaUtils.withSchemaRefresh(SchemaUtils.java:84)
	at org.springframework.data.cassandra.config.SessionFactoryFactoryBean.afterPropertiesSet(SessionFactoryFactoryBean.java:163)
	at org.springframework.beans.factory.support.AbstractAutowireCapableBeanFactory.invokeInitMethods(AbstractAutowireCapableBeanFactory.java:1853)
	at org.springframework.beans.factory.support.AbstractAutowireCapableBeanFactory.initializeBean(AbstractAutowireCapableBeanFactory.java:1802)
	... 77 common frames omitted
Caused by: org.springframework.beans.BeanInstantiationException: Failed to instantiate [com.datastax.oss.driver.api.core.CqlSession]: Factory method 'cassandraSession' threw exception with message: Invalid keyspace acme_productions
	at org.springframework.beans.factory.support.SimpleInstantiationStrategy.instantiate(SimpleInstantiationStrategy.java:178)
	at org.springframework.beans.factory.support.ConstructorResolver.instantiate(ConstructorResolver.java:644)
	... 125 common frames omitted
Caused by: com.datastax.oss.driver.api.core.InvalidKeyspaceException: Invalid keyspace acme_productions
	at com.datastax.oss.driver.api.core.InvalidKeyspaceException.copy(InvalidKeyspaceException.java:36)
	at com.datastax.oss.driver.internal.core.util.concurrent.CompletableFutures.getUninterruptibly(CompletableFutures.java:151)
	at com.datastax.oss.driver.api.core.session.SessionBuilder.build(SessionBuilder.java:837)
	at org.springframework.boot.autoconfigure.cassandra.CassandraAutoConfiguration.cassandraSession(CassandraAutoConfiguration.java:109)
	at java.base/jdk.internal.reflect.NativeMethodAccessorImpl.invoke0(Native Method)
	at java.base/jdk.internal.reflect.NativeMethodAccessorImpl.invoke(NativeMethodAccessorImpl.java:77)
	at java.base/jdk.internal.reflect.DelegatingMethodAccessorImpl.invoke(DelegatingMethodAccessorImpl.java:43)
	at java.base/java.lang.reflect.Method.invoke(Method.java:568)
	at org.springframework.beans.factory.support.SimpleInstantiationStrategy.instantiate(SimpleInstantiationStrategy.java:146)
	... 126 common frames omitted
2026-06-06 12:06:38,734 INFO  [restartedMain] o.s.b.StartupInfoLogger: Starting GoldenhosewarehouseApplication using Java 17.0.17 with PID 50004 (E:\Data Journey\Subjects\Data Warehous\project\code\goldenhosewarehouse\goldenhosewarehouse\target\classes started by thbea in E:\Data Journey\Subjects\Data Warehous\project\code\goldenhosewarehouse\goldenhosewarehouse)
2026-06-06 12:06:38,737 INFO  [restartedMain] o.s.b.SpringApplication: No active profile set, falling back to 1 default profile: "default"
2026-06-06 12:06:38,778 INFO  [restartedMain] o.s.b.l.DeferredLog: Devtools property defaults active! Set 'spring.devtools.add-properties' to 'false' to disable
2026-06-06 12:06:38,778 INFO  [restartedMain] o.s.b.l.DeferredLog: For additional web related logging consider setting the 'logging.level.web' property to 'DEBUG'
2026-06-06 12:06:39,446 INFO  [restartedMain] o.s.d.r.c.RepositoryConfigurationDelegate: Bootstrapping Spring Data Reactive Cassandra repositories in DEFAULT mode.
2026-06-06 12:06:39,475 INFO  [restartedMain] o.s.d.r.c.RepositoryConfigurationDelegate: Finished Spring Data repository scanning in 25 ms. Found 0 Reactive Cassandra repository interfaces.
2026-06-06 12:06:39,481 INFO  [restartedMain] o.s.d.r.c.RepositoryConfigurationDelegate: Bootstrapping Spring Data Cassandra repositories in DEFAULT mode.
2026-06-06 12:06:39,499 INFO  [restartedMain] o.s.d.r.c.RepositoryConfigurationDelegate: Finished Spring Data repository scanning in 17 ms. Found 1 Cassandra repository interface.
2026-06-06 12:06:39,849 INFO  [restartedMain] o.s.b.w.e.t.TomcatWebServer: Tomcat initialized with port 8080 (http)
2026-06-06 12:06:39,856 INFO  [restartedMain] o.a.j.l.DirectJDKLog: Initializing ProtocolHandler ["http-nio-8080"]
2026-06-06 12:06:39,860 INFO  [restartedMain] o.a.j.l.DirectJDKLog: Starting service [Tomcat]
2026-06-06 12:06:39,860 INFO  [restartedMain] o.a.j.l.DirectJDKLog: Starting Servlet engine: [Apache Tomcat/10.1.30]
2026-06-06 12:06:39,900 INFO  [restartedMain] o.a.j.l.DirectJDKLog: Initializing Spring embedded WebApplicationContext
2026-06-06 12:06:39,900 INFO  [restartedMain] o.s.b.w.s.c.ServletWebServerApplicationContext: Root WebApplicationContext: initialization completed in 1120 ms
2026-06-06 12:06:39,958 INFO  [restartedMain] c.d.o.d.i.c.DefaultMavenCoordinates: Apache Cassandra Java Driver (org.apache.cassandra:java-driver-core) version 4.18.1
2026-06-06 12:06:40,167 INFO  [restartedMain] o.s.b.d.a.OptionalLiveReloadServer: LiveReload server is running on port 35729
2026-06-06 12:06:40,431 INFO  [restartedMain] c.d.o.d.i.c.c.CqlPrepareAsyncProcessor: Adding handler to invalidate cached prepared statements on type changes
2026-06-06 12:06:40,609 INFO  [s0-admin-0] c.d.o.d.i.c.t.Clock: Using native clock for microsecond precision
2026-06-06 12:06:42,947 WARN  [restartedMain] o.s.c.s.AbstractApplicationContext: Exception encountered during context initialization - cancelling refresh attempt: org.springframework.beans.factory.UnsatisfiedDependencyException: Error creating bean with name 'assetController' defined in file [E:\Data Journey\Subjects\Data Warehous\project\code\goldenhosewarehouse\goldenhosewarehouse\target\classes\com\example\goldenhosewarehouse\api\web\AssetController.class]: Unsatisfied dependency expressed through constructor parameter 0: Error creating bean with name 'assetServiceImpl' defined in file [E:\Data Journey\Subjects\Data Warehous\project\code\goldenhosewarehouse\goldenhosewarehouse\target\classes\com\example\goldenhosewarehouse\dal\service\impl\AssetServiceImpl.class]: Unsatisfied dependency expressed through constructor parameter 0: Error creating bean with name 'assetRepositoryImpl' defined in file [E:\Data Journey\Subjects\Data Warehous\project\code\goldenhosewarehouse\goldenhosewarehouse\target\classes\com\example\goldenhosewarehouse\dal\persistence\AssetRepositoryImpl.class]: Unsatisfied dependency expressed through constructor parameter 0: Error creating bean with name 'cassandraTemplate' defined in class path resource [org/springframework/boot/autoconfigure/data/cassandra/CassandraDataAutoConfiguration.class]: Unsatisfied dependency expressed through method 'cassandraTemplate' parameter 0: Error creating bean with name 'cassandraSessionFactory' defined in class path resource [org/springframework/boot/autoconfigure/data/cassandra/CassandraDataAutoConfiguration.class]: Error creating bean with name 'cassandraSession' defined in class path resource [org/springframework/boot/autoconfigure/cassandra/CassandraAutoConfiguration.class]: Failed to instantiate [com.datastax.oss.driver.api.core.CqlSession]: Factory method 'cassandraSession' threw exception with message: Invalid keyspace acme_productions
2026-06-06 12:06:42,952 INFO  [restartedMain] o.a.j.l.DirectJDKLog: Stopping service [Tomcat]
2026-06-06 12:06:42,967 INFO  [restartedMain] o.s.b.a.l.ConditionEvaluationReportLogger: 

Error starting ApplicationContext. To display the condition evaluation report re-run your application with 'debug' enabled.
2026-06-06 12:06:42,982 ERROR [restartedMain] o.s.b.SpringApplication: Application run failed
org.springframework.beans.factory.UnsatisfiedDependencyException: Error creating bean with name 'assetController' defined in file [E:\Data Journey\Subjects\Data Warehous\project\code\goldenhosewarehouse\goldenhosewarehouse\target\classes\com\example\goldenhosewarehouse\api\web\AssetController.class]: Unsatisfied dependency expressed through constructor parameter 0: Error creating bean with name 'assetServiceImpl' defined in file [E:\Data Journey\Subjects\Data Warehous\project\code\goldenhosewarehouse\goldenhosewarehouse\target\classes\com\example\goldenhosewarehouse\dal\service\impl\AssetServiceImpl.class]: Unsatisfied dependency expressed through constructor parameter 0: Error creating bean with name 'assetRepositoryImpl' defined in file [E:\Data Journey\Subjects\Data Warehous\project\code\goldenhosewarehouse\goldenhosewarehouse\target\classes\com\example\goldenhosewarehouse\dal\persistence\AssetRepositoryImpl.class]: Unsatisfied dependency expressed through constructor parameter 0: Error creating bean with name 'cassandraTemplate' defined in class path resource [org/springframework/boot/autoconfigure/data/cassandra/CassandraDataAutoConfiguration.class]: Unsatisfied dependency expressed through method 'cassandraTemplate' parameter 0: Error creating bean with name 'cassandraSessionFactory' defined in class path resource [org/springframework/boot/autoconfigure/data/cassandra/CassandraDataAutoConfiguration.class]: Error creating bean with name 'cassandraSession' defined in class path resource [org/springframework/boot/autoconfigure/cassandra/CassandraAutoConfiguration.class]: Failed to instantiate [com.datastax.oss.driver.api.core.CqlSession]: Factory method 'cassandraSession' threw exception with message: Invalid keyspace acme_productions
	at org.springframework.beans.factory.support.ConstructorResolver.createArgumentArray(ConstructorResolver.java:795)
	at org.springframework.beans.factory.support.ConstructorResolver.autowireConstructor(ConstructorResolver.java:237)
	at org.springframework.beans.factory.support.AbstractAutowireCapableBeanFactory.autowireConstructor(AbstractAutowireCapableBeanFactory.java:1375)
	at org.springframework.beans.factory.support.AbstractAutowireCapableBeanFactory.createBeanInstance(AbstractAutowireCapableBeanFactory.java:1212)
	at org.springframework.beans.factory.support.AbstractAutowireCapableBeanFactory.doCreateBean(AbstractAutowireCapableBeanFactory.java:562)
	at org.springframework.beans.factory.support.AbstractAutowireCapableBeanFactory.createBean(AbstractAutowireCapableBeanFactory.java:522)
	at org.springframework.beans.factory.support.AbstractBeanFactory.lambda$doGetBean$0(AbstractBeanFactory.java:337)
	at org.springframework.beans.factory.support.DefaultSingletonBeanRegistry.getSingleton(DefaultSingletonBeanRegistry.java:234)
	at org.springframework.beans.factory.support.AbstractBeanFactory.doGetBean(AbstractBeanFactory.java:335)
	at org.springframework.beans.factory.support.AbstractBeanFactory.getBean(AbstractBeanFactory.java:200)
	at org.springframework.beans.factory.support.DefaultListableBeanFactory.preInstantiateSingletons(DefaultListableBeanFactory.java:975)
	at org.springframework.context.support.AbstractApplicationContext.finishBeanFactoryInitialization(AbstractApplicationContext.java:971)
	at org.springframework.context.support.AbstractApplicationContext.refresh(AbstractApplicationContext.java:625)
	at org.springframework.boot.web.servlet.context.ServletWebServerApplicationContext.refresh(ServletWebServerApplicationContext.java:146)
	at org.springframework.boot.SpringApplication.refresh(SpringApplication.java:754)
	at org.springframework.boot.SpringApplication.refreshContext(SpringApplication.java:456)
	at org.springframework.boot.SpringApplication.run(SpringApplication.java:335)
	at org.springframework.boot.SpringApplication.run(SpringApplication.java:1363)
	at org.springframework.boot.SpringApplication.run(SpringApplication.java:1352)
	at com.example.goldenhosewarehouse.GoldenhosewarehouseApplication.main(GoldenhosewarehouseApplication.java:10)
	at java.base/jdk.internal.reflect.NativeMethodAccessorImpl.invoke0(Native Method)
	at java.base/jdk.internal.reflect.NativeMethodAccessorImpl.invoke(NativeMethodAccessorImpl.java:77)
	at java.base/jdk.internal.reflect.DelegatingMethodAccessorImpl.invoke(DelegatingMethodAccessorImpl.java:43)
	at java.base/java.lang.reflect.Method.invoke(Method.java:568)
	at org.springframework.boot.devtools.restart.RestartLauncher.run(RestartLauncher.java:50)
Caused by: org.springframework.beans.factory.UnsatisfiedDependencyException: Error creating bean with name 'assetServiceImpl' defined in file [E:\Data Journey\Subjects\Data Warehous\project\code\goldenhosewarehouse\goldenhosewarehouse\target\classes\com\example\goldenhosewarehouse\dal\service\impl\AssetServiceImpl.class]: Unsatisfied dependency expressed through constructor parameter 0: Error creating bean with name 'assetRepositoryImpl' defined in file [E:\Data Journey\Subjects\Data Warehous\project\code\goldenhosewarehouse\goldenhosewarehouse\target\classes\com\example\goldenhosewarehouse\dal\persistence\AssetRepositoryImpl.class]: Unsatisfied dependency expressed through constructor parameter 0: Error creating bean with name 'cassandraTemplate' defined in class path resource [org/springframework/boot/autoconfigure/data/cassandra/CassandraDataAutoConfiguration.class]: Unsatisfied dependency expressed through method 'cassandraTemplate' parameter 0: Error creating bean with name 'cassandraSessionFactory' defined in class path resource [org/springframework/boot/autoconfigure/data/cassandra/CassandraDataAutoConfiguration.class]: Error creating bean with name 'cassandraSession' defined in class path resource [org/springframework/boot/autoconfigure/cassandra/CassandraAutoConfiguration.class]: Failed to instantiate [com.datastax.oss.driver.api.core.CqlSession]: Factory method 'cassandraSession' threw exception with message: Invalid keyspace acme_productions
	at org.springframework.beans.factory.support.ConstructorResolver.createArgumentArray(ConstructorResolver.java:795)
	at org.springframework.beans.factory.support.ConstructorResolver.autowireConstructor(ConstructorResolver.java:237)
	at org.springframework.beans.factory.support.AbstractAutowireCapableBeanFactory.autowireConstructor(AbstractAutowireCapableBeanFactory.java:1375)
	at org.springframework.beans.factory.support.AbstractAutowireCapableBeanFactory.createBeanInstance(AbstractAutowireCapableBeanFactory.java:1212)
	at org.springframework.beans.factory.support.AbstractAutowireCapableBeanFactory.doCreateBean(AbstractAutowireCapableBeanFactory.java:562)
	at org.springframework.beans.factory.support.AbstractAutowireCapableBeanFactory.createBean(AbstractAutowireCapableBeanFactory.java:522)
	at org.springframework.beans.factory.support.AbstractBeanFactory.lambda$doGetBean$0(AbstractBeanFactory.java:337)
	at org.springframework.beans.factory.support.DefaultSingletonBeanRegistry.getSingleton(DefaultSingletonBeanRegistry.java:234)
	at org.springframework.beans.factory.support.AbstractBeanFactory.doGetBean(AbstractBeanFactory.java:335)
	at org.springframework.beans.factory.support.AbstractBeanFactory.getBean(AbstractBeanFactory.java:200)
	at org.springframework.beans.factory.config.DependencyDescriptor.resolveCandidate(DependencyDescriptor.java:254)
	at org.springframework.beans.factory.support.DefaultListableBeanFactory.doResolveDependency(DefaultListableBeanFactory.java:1443)
	at org.springframework.beans.factory.support.DefaultListableBeanFactory.resolveDependency(DefaultListableBeanFactory.java:1353)
	at org.springframework.beans.factory.support.ConstructorResolver.resolveAutowiredArgument(ConstructorResolver.java:904)
	at org.springframework.beans.factory.support.ConstructorResolver.createArgumentArray(ConstructorResolver.java:782)
	... 24 common frames omitted
Caused by: org.springframework.beans.factory.UnsatisfiedDependencyException: Error creating bean with name 'assetRepositoryImpl' defined in file [E:\Data Journey\Subjects\Data Warehous\project\code\goldenhosewarehouse\goldenhosewarehouse\target\classes\com\example\goldenhosewarehouse\dal\persistence\AssetRepositoryImpl.class]: Unsatisfied dependency expressed through constructor parameter 0: Error creating bean with name 'cassandraTemplate' defined in class path resource [org/springframework/boot/autoconfigure/data/cassandra/CassandraDataAutoConfiguration.class]: Unsatisfied dependency expressed through method 'cassandraTemplate' parameter 0: Error creating bean with name 'cassandraSessionFactory' defined in class path resource [org/springframework/boot/autoconfigure/data/cassandra/CassandraDataAutoConfiguration.class]: Error creating bean with name 'cassandraSession' defined in class path resource [org/springframework/boot/autoconfigure/cassandra/CassandraAutoConfiguration.class]: Failed to instantiate [com.datastax.oss.driver.api.core.CqlSession]: Factory method 'cassandraSession' threw exception with message: Invalid keyspace acme_productions
	at org.springframework.beans.factory.support.ConstructorResolver.createArgumentArray(ConstructorResolver.java:795)
	at org.springframework.beans.factory.support.ConstructorResolver.autowireConstructor(ConstructorResolver.java:237)
	at org.springframework.beans.factory.support.AbstractAutowireCapableBeanFactory.autowireConstructor(AbstractAutowireCapableBeanFactory.java:1375)
	at org.springframework.beans.factory.support.AbstractAutowireCapableBeanFactory.createBeanInstance(AbstractAutowireCapableBeanFactory.java:1212)
	at org.springframework.beans.factory.support.AbstractAutowireCapableBeanFactory.doCreateBean(AbstractAutowireCapableBeanFactory.java:562)
	at org.springframework.beans.factory.support.AbstractAutowireCapableBeanFactory.createBean(AbstractAutowireCapableBeanFactory.java:522)
	at org.springframework.beans.factory.support.AbstractBeanFactory.lambda$doGetBean$0(AbstractBeanFactory.java:337)
	at org.springframework.beans.factory.support.DefaultSingletonBeanRegistry.getSingleton(DefaultSingletonBeanRegistry.java:234)
	at org.springframework.beans.factory.support.AbstractBeanFactory.doGetBean(AbstractBeanFactory.java:335)
	at org.springframework.beans.factory.support.AbstractBeanFactory.getBean(AbstractBeanFactory.java:200)
	at org.springframework.beans.factory.config.DependencyDescriptor.resolveCandidate(DependencyDescriptor.java:254)
	at org.springframework.beans.factory.support.DefaultListableBeanFactory.doResolveDependency(DefaultListableBeanFactory.java:1443)
	at org.springframework.beans.factory.support.DefaultListableBeanFactory.resolveDependency(DefaultListableBeanFactory.java:1353)
	at org.springframework.beans.factory.support.ConstructorResolver.resolveAutowiredArgument(ConstructorResolver.java:904)
	at org.springframework.beans.factory.support.ConstructorResolver.createArgumentArray(ConstructorResolver.java:782)
	... 38 common frames omitted
Caused by: org.springframework.beans.factory.UnsatisfiedDependencyException: Error creating bean with name 'cassandraTemplate' defined in class path resource [org/springframework/boot/autoconfigure/data/cassandra/CassandraDataAutoConfiguration.class]: Unsatisfied dependency expressed through method 'cassandraTemplate' parameter 0: Error creating bean with name 'cassandraSessionFactory' defined in class path resource [org/springframework/boot/autoconfigure/data/cassandra/CassandraDataAutoConfiguration.class]: Error creating bean with name 'cassandraSession' defined in class path resource [org/springframework/boot/autoconfigure/cassandra/CassandraAutoConfiguration.class]: Failed to instantiate [com.datastax.oss.driver.api.core.CqlSession]: Factory method 'cassandraSession' threw exception with message: Invalid keyspace acme_productions
	at org.springframework.beans.factory.support.ConstructorResolver.createArgumentArray(ConstructorResolver.java:795)
	at org.springframework.beans.factory.support.ConstructorResolver.instantiateUsingFactoryMethod(ConstructorResolver.java:542)
	at org.springframework.beans.factory.support.AbstractAutowireCapableBeanFactory.instantiateUsingFactoryMethod(AbstractAutowireCapableBeanFactory.java:1355)
	at org.springframework.beans.factory.support.AbstractAutowireCapableBeanFactory.createBeanInstance(AbstractAutowireCapableBeanFactory.java:1185)
	at org.springframework.beans.factory.support.AbstractAutowireCapableBeanFactory.doCreateBean(AbstractAutowireCapableBeanFactory.java:562)
	at org.springframework.beans.factory.support.AbstractAutowireCapableBeanFactory.createBean(AbstractAutowireCapableBeanFactory.java:522)
	at org.springframework.beans.factory.support.AbstractBeanFactory.lambda$doGetBean$0(AbstractBeanFactory.java:337)
	at org.springframework.beans.factory.support.DefaultSingletonBeanRegistry.getSingleton(DefaultSingletonBeanRegistry.java:234)
	at org.springframework.beans.factory.support.AbstractBeanFactory.doGetBean(AbstractBeanFactory.java:335)
	at org.springframework.beans.factory.support.AbstractBeanFactory.getBean(AbstractBeanFactory.java:200)
	at org.springframework.beans.factory.config.DependencyDescriptor.resolveCandidate(DependencyDescriptor.java:254)
	at org.springframework.beans.factory.support.DefaultListableBeanFactory.doResolveDependency(DefaultListableBeanFactory.java:1443)
	at org.springframework.beans.factory.support.DefaultListableBeanFactory.resolveDependency(DefaultListableBeanFactory.java:1353)
	at org.springframework.beans.factory.support.ConstructorResolver.resolveAutowiredArgument(ConstructorResolver.java:904)
	at org.springframework.beans.factory.support.ConstructorResolver.createArgumentArray(ConstructorResolver.java:782)
	... 52 common frames omitted
Caused by: org.springframework.beans.factory.BeanCreationException: Error creating bean with name 'cassandraSessionFactory' defined in class path resource [org/springframework/boot/autoconfigure/data/cassandra/CassandraDataAutoConfiguration.class]: Error creating bean with name 'cassandraSession' defined in class path resource [org/springframework/boot/autoconfigure/cassandra/CassandraAutoConfiguration.class]: Failed to instantiate [com.datastax.oss.driver.api.core.CqlSession]: Factory method 'cassandraSession' threw exception with message: Invalid keyspace acme_productions
	at org.springframework.beans.factory.support.AbstractAutowireCapableBeanFactory.initializeBean(AbstractAutowireCapableBeanFactory.java:1806)
	at org.springframework.beans.factory.support.AbstractAutowireCapableBeanFactory.doCreateBean(AbstractAutowireCapableBeanFactory.java:600)
	at org.springframework.beans.factory.support.AbstractAutowireCapableBeanFactory.createBean(AbstractAutowireCapableBeanFactory.java:522)
	at org.springframework.beans.factory.support.AbstractBeanFactory.lambda$doGetBean$0(AbstractBeanFactory.java:337)
	at org.springframework.beans.factory.support.DefaultSingletonBeanRegistry.getSingleton(DefaultSingletonBeanRegistry.java:234)
	at org.springframework.beans.factory.support.AbstractBeanFactory.doGetBean(AbstractBeanFactory.java:335)
	at org.springframework.beans.factory.support.AbstractBeanFactory.getBean(AbstractBeanFactory.java:200)
	at org.springframework.beans.factory.config.DependencyDescriptor.resolveCandidate(DependencyDescriptor.java:254)
	at org.springframework.beans.factory.support.DefaultListableBeanFactory.doResolveDependency(DefaultListableBeanFactory.java:1443)
	at org.springframework.beans.factory.support.DefaultListableBeanFactory.resolveDependency(DefaultListableBeanFactory.java:1353)
	at org.springframework.beans.factory.support.ConstructorResolver.resolveAutowiredArgument(ConstructorResolver.java:904)
	at org.springframework.beans.factory.support.ConstructorResolver.createArgumentArray(ConstructorResolver.java:782)
	... 66 common frames omitted
Caused by: org.springframework.beans.factory.BeanCreationException: Error creating bean with name 'cassandraSession' defined in class path resource [org/springframework/boot/autoconfigure/cassandra/CassandraAutoConfiguration.class]: Failed to instantiate [com.datastax.oss.driver.api.core.CqlSession]: Factory method 'cassandraSession' threw exception with message: Invalid keyspace acme_productions
	at org.springframework.beans.factory.support.ConstructorResolver.instantiate(ConstructorResolver.java:648)
	at org.springframework.beans.factory.support.ConstructorResolver.instantiateUsingFactoryMethod(ConstructorResolver.java:636)
	at org.springframework.beans.factory.support.AbstractAutowireCapableBeanFactory.instantiateUsingFactoryMethod(AbstractAutowireCapableBeanFactory.java:1355)
	at org.springframework.beans.factory.support.AbstractAutowireCapableBeanFactory.createBeanInstance(AbstractAutowireCapableBeanFactory.java:1185)
	at org.springframework.beans.factory.support.AbstractAutowireCapableBeanFactory.doCreateBean(AbstractAutowireCapableBeanFactory.java:562)
	at org.springframework.beans.factory.support.AbstractAutowireCapableBeanFactory.createBean(AbstractAutowireCapableBeanFactory.java:522)
	at org.springframework.beans.factory.support.AbstractBeanFactory.lambda$doGetBean$0(AbstractBeanFactory.java:337)
	at org.springframework.beans.factory.support.DefaultSingletonBeanRegistry.getSingleton(DefaultSingletonBeanRegistry.java:234)
	at org.springframework.beans.factory.support.AbstractBeanFactory.doGetBean(AbstractBeanFactory.java:335)
	at org.springframework.beans.factory.support.AbstractBeanFactory.getBean(AbstractBeanFactory.java:200)
	at org.springframework.beans.factory.config.DependencyDescriptor.resolveCandidate(DependencyDescriptor.java:254)
	at org.springframework.beans.factory.support.DefaultListableBeanFactory.doResolveDependency(DefaultListableBeanFactory.java:1443)
	at org.springframework.context.annotation.ContextAnnotationAutowireCandidateResolver$1.getTarget(ContextAnnotationAutowireCandidateResolver.java:103)
	at org.springframework.aop.framework.JdkDynamicAopProxy.invoke(JdkDynamicAopProxy.java:203)
	at jdk.proxy3/jdk.proxy3.$Proxy69.getContext(Unknown Source)
	at org.springframework.boot.autoconfigure.data.cassandra.CassandraDataAutoConfiguration.lambda$cassandraConverter$0(CassandraDataAutoConfiguration.java:100)
	at org.springframework.data.util.Lazy.getNullable(Lazy.java:135)
	at org.springframework.data.util.Lazy.get(Lazy.java:113)
	at org.springframework.data.cassandra.core.convert.MappingCassandraConverter.getCodecRegistry(MappingCassandraConverter.java:264)
	at org.springframework.data.cassandra.core.convert.DefaultColumnTypeResolver.getCodecRegistry(DefaultColumnTypeResolver.java:485)
	at org.springframework.data.cassandra.core.convert.DefaultColumnTypeResolver.tryResolve(DefaultColumnTypeResolver.java:244)
	at org.springframework.data.cassandra.core.convert.DefaultColumnTypeResolver.createCassandraTypeDescriptor(DefaultColumnTypeResolver.java:466)
	at org.springframework.data.cassandra.core.convert.DefaultColumnTypeResolver.lambda$resolve$1(DefaultColumnTypeResolver.java:225)
	at java.base/java.util.Optional.orElseGet(Optional.java:364)
	at org.springframework.data.cassandra.core.convert.DefaultColumnTypeResolver.resolve(DefaultColumnTypeResolver.java:224)
	at org.springframework.data.cassandra.core.convert.DefaultColumnTypeResolver.doResolve(DefaultColumnTypeResolver.java:170)
	at org.springframework.data.cassandra.core.convert.DefaultColumnTypeResolver.resolve(DefaultColumnTypeResolver.java:111)
	at org.springframework.data.cassandra.core.convert.SchemaFactory.getDataType(SchemaFactory.java:197)
	at org.springframework.data.cassandra.core.convert.SchemaFactory.getCreateTableSpecificationFor(SchemaFactory.java:173)
	at org.springframework.data.cassandra.core.convert.SchemaFactory.getCreateTableSpecificationFor(SchemaFactory.java:126)
	at org.springframework.data.cassandra.core.CassandraPersistentEntitySchemaCreator.lambda$createTableSpecifications$1(CassandraPersistentEntitySchemaCreator.java:113)
	at java.base/java.util.stream.ReferencePipeline$3$1.accept(ReferencePipeline.java:197)
	at java.base/java.util.concurrent.ConcurrentHashMap$KeySpliterator.forEachRemaining(ConcurrentHashMap.java:3573)
	at java.base/java.util.stream.AbstractPipeline.copyInto(AbstractPipeline.java:509)
	at java.base/java.util.stream.AbstractPipeline.wrapAndCopyInto(AbstractPipeline.java:499)
	at java.base/java.util.stream.ReduceOps$ReduceOp.evaluateSequential(ReduceOps.java:921)
	at java.base/java.util.stream.AbstractPipeline.evaluate(AbstractPipeline.java:234)
	at java.base/java.util.stream.ReferencePipeline.collect(ReferencePipeline.java:682)
	at org.springframework.data.cassandra.core.CassandraPersistentEntitySchemaCreator.createTableSpecifications(CassandraPersistentEntitySchemaCreator.java:115)
	at org.springframework.data.cassandra.core.CassandraPersistentEntitySchemaCreator.createTables(CassandraPersistentEntitySchemaCreator.java:98)
	at org.springframework.data.cassandra.config.SessionFactoryFactoryBean.performSchemaActions(SessionFactoryFactoryBean.java:267)
	at org.springframework.data.cassandra.config.SessionFactoryFactoryBean.createTables(SessionFactoryFactoryBean.java:238)
	at org.springframework.data.cassandra.config.SessionFactoryFactoryBean.performSchemaAction(SessionFactoryFactoryBean.java:224)
	at org.springframework.data.cassandra.config.SessionFactoryFactoryBean.lambda$afterPropertiesSet$0(SessionFactoryFactoryBean.java:157)
	at org.springframework.data.cassandra.config.SchemaUtils.withAsyncSchemaRefresh(SchemaUtils.java:96)
	at org.springframework.data.cassandra.config.SchemaUtils.withSchemaRefresh(SchemaUtils.java:84)
	at org.springframework.data.cassandra.config.SessionFactoryFactoryBean.afterPropertiesSet(SessionFactoryFactoryBean.java:163)
	at org.springframework.beans.factory.support.AbstractAutowireCapableBeanFactory.invokeInitMethods(AbstractAutowireCapableBeanFactory.java:1853)
	at org.springframework.beans.factory.support.AbstractAutowireCapableBeanFactory.initializeBean(AbstractAutowireCapableBeanFactory.java:1802)
	... 77 common frames omitted
Caused by: org.springframework.beans.BeanInstantiationException: Failed to instantiate [com.datastax.oss.driver.api.core.CqlSession]: Factory method 'cassandraSession' threw exception with message: Invalid keyspace acme_productions
	at org.springframework.beans.factory.support.SimpleInstantiationStrategy.instantiate(SimpleInstantiationStrategy.java:178)
	at org.springframework.beans.factory.support.ConstructorResolver.instantiate(ConstructorResolver.java:644)
	... 125 common frames omitted
Caused by: com.datastax.oss.driver.api.core.InvalidKeyspaceException: Invalid keyspace acme_productions
	at com.datastax.oss.driver.api.core.InvalidKeyspaceException.copy(InvalidKeyspaceException.java:36)
	at com.datastax.oss.driver.internal.core.util.concurrent.CompletableFutures.getUninterruptibly(CompletableFutures.java:151)
	at com.datastax.oss.driver.api.core.session.SessionBuilder.build(SessionBuilder.java:837)
	at org.springframework.boot.autoconfigure.cassandra.CassandraAutoConfiguration.cassandraSession(CassandraAutoConfiguration.java:109)
	at java.base/jdk.internal.reflect.NativeMethodAccessorImpl.invoke0(Native Method)
	at java.base/jdk.internal.reflect.NativeMethodAccessorImpl.invoke(NativeMethodAccessorImpl.java:77)
	at java.base/jdk.internal.reflect.DelegatingMethodAccessorImpl.invoke(DelegatingMethodAccessorImpl.java:43)
	at java.base/java.lang.reflect.Method.invoke(Method.java:568)
	at org.springframework.beans.factory.support.SimpleInstantiationStrategy.instantiate(SimpleInstantiationStrategy.java:146)
	... 126 common frames omitted
2026-06-06 12:07:37,080 INFO  [restartedMain] o.s.b.StartupInfoLogger: Starting GoldenhosewarehouseApplication using Java 17.0.17 with PID 2448 (E:\Data Journey\Subjects\Data Warehous\project\code\goldenhosewarehouse\goldenhosewarehouse\target\classes started by thbea in E:\Data Journey\Subjects\Data Warehous\project\code\goldenhosewarehouse\goldenhosewarehouse)
2026-06-06 12:07:37,085 INFO  [restartedMain] o.s.b.SpringApplication: No active profile set, falling back to 1 default profile: "default"
2026-06-06 12:07:37,123 INFO  [restartedMain] o.s.b.l.DeferredLog: Devtools property defaults active! Set 'spring.devtools.add-properties' to 'false' to disable
2026-06-06 12:07:37,124 INFO  [restartedMain] o.s.b.l.DeferredLog: For additional web related logging consider setting the 'logging.level.web' property to 'DEBUG'
2026-06-06 12:07:37,762 INFO  [restartedMain] o.s.d.r.c.RepositoryConfigurationDelegate: Bootstrapping Spring Data Reactive Cassandra repositories in DEFAULT mode.
2026-06-06 12:07:37,789 INFO  [restartedMain] o.s.d.r.c.RepositoryConfigurationDelegate: Finished Spring Data repository scanning in 23 ms. Found 0 Reactive Cassandra repository interfaces.
2026-06-06 12:07:37,795 INFO  [restartedMain] o.s.d.r.c.RepositoryConfigurationDelegate: Bootstrapping Spring Data Cassandra repositories in DEFAULT mode.
2026-06-06 12:07:37,815 INFO  [restartedMain] o.s.d.r.c.RepositoryConfigurationDelegate: Finished Spring Data repository scanning in 19 ms. Found 1 Cassandra repository interface.
2026-06-06 12:07:38,196 INFO  [restartedMain] o.s.b.w.e.t.TomcatWebServer: Tomcat initialized with port 8080 (http)
2026-06-06 12:07:38,204 INFO  [restartedMain] o.a.j.l.DirectJDKLog: Initializing ProtocolHandler ["http-nio-8080"]
2026-06-06 12:07:38,207 INFO  [restartedMain] o.a.j.l.DirectJDKLog: Starting service [Tomcat]
2026-06-06 12:07:38,207 INFO  [restartedMain] o.a.j.l.DirectJDKLog: Starting Servlet engine: [Apache Tomcat/10.1.30]
2026-06-06 12:07:38,250 INFO  [restartedMain] o.a.j.l.DirectJDKLog: Initializing Spring embedded WebApplicationContext
2026-06-06 12:07:38,250 INFO  [restartedMain] o.s.b.w.s.c.ServletWebServerApplicationContext: Root WebApplicationContext: initialization completed in 1126 ms
2026-06-06 12:07:38,312 INFO  [restartedMain] c.d.o.d.i.c.DefaultMavenCoordinates: Apache Cassandra Java Driver (org.apache.cassandra:java-driver-core) version 4.18.1
2026-06-06 12:07:38,518 INFO  [restartedMain] o.s.b.d.a.OptionalLiveReloadServer: LiveReload server is running on port 35729
2026-06-06 12:07:38,783 INFO  [restartedMain] c.d.o.d.i.c.c.CqlPrepareAsyncProcessor: Adding handler to invalidate cached prepared statements on type changes
2026-06-06 12:07:38,969 INFO  [s0-admin-0] c.d.o.d.i.c.t.Clock: Using native clock for microsecond precision
2026-06-06 12:07:41,380 WARN  [restartedMain] o.s.c.s.AbstractApplicationContext: Exception encountered during context initialization - cancelling refresh attempt: org.springframework.beans.factory.UnsatisfiedDependencyException: Error creating bean with name 'assetController' defined in file [E:\Data Journey\Subjects\Data Warehous\project\code\goldenhosewarehouse\goldenhosewarehouse\target\classes\com\example\goldenhosewarehouse\api\web\AssetController.class]: Unsatisfied dependency expressed through constructor parameter 0: Error creating bean with name 'assetServiceImpl' defined in file [E:\Data Journey\Subjects\Data Warehous\project\code\goldenhosewarehouse\goldenhosewarehouse\target\classes\com\example\goldenhosewarehouse\dal\service\impl\AssetServiceImpl.class]: Unsatisfied dependency expressed through constructor parameter 0: Error creating bean with name 'assetRepositoryImpl' defined in file [E:\Data Journey\Subjects\Data Warehous\project\code\goldenhosewarehouse\goldenhosewarehouse\target\classes\com\example\goldenhosewarehouse\dal\persistence\AssetRepositoryImpl.class]: Unsatisfied dependency expressed through constructor parameter 0: Error creating bean with name 'cassandraTemplate' defined in class path resource [org/springframework/boot/autoconfigure/data/cassandra/CassandraDataAutoConfiguration.class]: Unsatisfied dependency expressed through method 'cassandraTemplate' parameter 0: Error creating bean with name 'cassandraSessionFactory' defined in class path resource [org/springframework/boot/autoconfigure/data/cassandra/CassandraDataAutoConfiguration.class]: Error creating bean with name 'cassandraSession' defined in class path resource [org/springframework/boot/autoconfigure/cassandra/CassandraAutoConfiguration.class]: Failed to instantiate [com.datastax.oss.driver.api.core.CqlSession]: Factory method 'cassandraSession' threw exception with message: Invalid keyspace acme_productions
2026-06-06 12:07:41,384 INFO  [restartedMain] o.a.j.l.DirectJDKLog: Stopping service [Tomcat]
2026-06-06 12:07:41,398 INFO  [restartedMain] o.s.b.a.l.ConditionEvaluationReportLogger: 

Error starting ApplicationContext. To display the condition evaluation report re-run your application with 'debug' enabled.
2026-06-06 12:07:41,413 ERROR [restartedMain] o.s.b.SpringApplication: Application run failed
org.springframework.beans.factory.UnsatisfiedDependencyException: Error creating bean with name 'assetController' defined in file [E:\Data Journey\Subjects\Data Warehous\project\code\goldenhosewarehouse\goldenhosewarehouse\target\classes\com\example\goldenhosewarehouse\api\web\AssetController.class]: Unsatisfied dependency expressed through constructor parameter 0: Error creating bean with name 'assetServiceImpl' defined in file [E:\Data Journey\Subjects\Data Warehous\project\code\goldenhosewarehouse\goldenhosewarehouse\target\classes\com\example\goldenhosewarehouse\dal\service\impl\AssetServiceImpl.class]: Unsatisfied dependency expressed through constructor parameter 0: Error creating bean with name 'assetRepositoryImpl' defined in file [E:\Data Journey\Subjects\Data Warehous\project\code\goldenhosewarehouse\goldenhosewarehouse\target\classes\com\example\goldenhosewarehouse\dal\persistence\AssetRepositoryImpl.class]: Unsatisfied dependency expressed through constructor parameter 0: Error creating bean with name 'cassandraTemplate' defined in class path resource [org/springframework/boot/autoconfigure/data/cassandra/CassandraDataAutoConfiguration.class]: Unsatisfied dependency expressed through method 'cassandraTemplate' parameter 0: Error creating bean with name 'cassandraSessionFactory' defined in class path resource [org/springframework/boot/autoconfigure/data/cassandra/CassandraDataAutoConfiguration.class]: Error creating bean with name 'cassandraSession' defined in class path resource [org/springframework/boot/autoconfigure/cassandra/CassandraAutoConfiguration.class]: Failed to instantiate [com.datastax.oss.driver.api.core.CqlSession]: Factory method 'cassandraSession' threw exception with message: Invalid keyspace acme_productions
	at org.springframework.beans.factory.support.ConstructorResolver.createArgumentArray(ConstructorResolver.java:795)
	at org.springframework.beans.factory.support.ConstructorResolver.autowireConstructor(ConstructorResolver.java:237)
	at org.springframework.beans.factory.support.AbstractAutowireCapableBeanFactory.autowireConstructor(AbstractAutowireCapableBeanFactory.java:1375)
	at org.springframework.beans.factory.support.AbstractAutowireCapableBeanFactory.createBeanInstance(AbstractAutowireCapableBeanFactory.java:1212)
	at org.springframework.beans.factory.support.AbstractAutowireCapableBeanFactory.doCreateBean(AbstractAutowireCapableBeanFactory.java:562)
	at org.springframework.beans.factory.support.AbstractAutowireCapableBeanFactory.createBean(AbstractAutowireCapableBeanFactory.java:522)
	at org.springframework.beans.factory.support.AbstractBeanFactory.lambda$doGetBean$0(AbstractBeanFactory.java:337)
	at org.springframework.beans.factory.support.DefaultSingletonBeanRegistry.getSingleton(DefaultSingletonBeanRegistry.java:234)
	at org.springframework.beans.factory.support.AbstractBeanFactory.doGetBean(AbstractBeanFactory.java:335)
	at org.springframework.beans.factory.support.AbstractBeanFactory.getBean(AbstractBeanFactory.java:200)
	at org.springframework.beans.factory.support.DefaultListableBeanFactory.preInstantiateSingletons(DefaultListableBeanFactory.java:975)
	at org.springframework.context.support.AbstractApplicationContext.finishBeanFactoryInitialization(AbstractApplicationContext.java:971)
	at org.springframework.context.support.AbstractApplicationContext.refresh(AbstractApplicationContext.java:625)
	at org.springframework.boot.web.servlet.context.ServletWebServerApplicationContext.refresh(ServletWebServerApplicationContext.java:146)
	at org.springframework.boot.SpringApplication.refresh(SpringApplication.java:754)
	at org.springframework.boot.SpringApplication.refreshContext(SpringApplication.java:456)
	at org.springframework.boot.SpringApplication.run(SpringApplication.java:335)
	at org.springframework.boot.SpringApplication.run(SpringApplication.java:1363)
	at org.springframework.boot.SpringApplication.run(SpringApplication.java:1352)
	at com.example.goldenhosewarehouse.GoldenhosewarehouseApplication.main(GoldenhosewarehouseApplication.java:10)
	at java.base/jdk.internal.reflect.NativeMethodAccessorImpl.invoke0(Native Method)
	at java.base/jdk.internal.reflect.NativeMethodAccessorImpl.invoke(NativeMethodAccessorImpl.java:77)
	at java.base/jdk.internal.reflect.DelegatingMethodAccessorImpl.invoke(DelegatingMethodAccessorImpl.java:43)
	at java.base/java.lang.reflect.Method.invoke(Method.java:568)
	at org.springframework.boot.devtools.restart.RestartLauncher.run(RestartLauncher.java:50)
Caused by: org.springframework.beans.factory.UnsatisfiedDependencyException: Error creating bean with name 'assetServiceImpl' defined in file [E:\Data Journey\Subjects\Data Warehous\project\code\goldenhosewarehouse\goldenhosewarehouse\target\classes\com\example\goldenhosewarehouse\dal\service\impl\AssetServiceImpl.class]: Unsatisfied dependency expressed through constructor parameter 0: Error creating bean with name 'assetRepositoryImpl' defined in file [E:\Data Journey\Subjects\Data Warehous\project\code\goldenhosewarehouse\goldenhosewarehouse\target\classes\com\example\goldenhosewarehouse\dal\persistence\AssetRepositoryImpl.class]: Unsatisfied dependency expressed through constructor parameter 0: Error creating bean with name 'cassandraTemplate' defined in class path resource [org/springframework/boot/autoconfigure/data/cassandra/CassandraDataAutoConfiguration.class]: Unsatisfied dependency expressed through method 'cassandraTemplate' parameter 0: Error creating bean with name 'cassandraSessionFactory' defined in class path resource [org/springframework/boot/autoconfigure/data/cassandra/CassandraDataAutoConfiguration.class]: Error creating bean with name 'cassandraSession' defined in class path resource [org/springframework/boot/autoconfigure/cassandra/CassandraAutoConfiguration.class]: Failed to instantiate [com.datastax.oss.driver.api.core.CqlSession]: Factory method 'cassandraSession' threw exception with message: Invalid keyspace acme_productions
	at org.springframework.beans.factory.support.ConstructorResolver.createArgumentArray(ConstructorResolver.java:795)
	at org.springframework.beans.factory.support.ConstructorResolver.autowireConstructor(ConstructorResolver.java:237)
	at org.springframework.beans.factory.support.AbstractAutowireCapableBeanFactory.autowireConstructor(AbstractAutowireCapableBeanFactory.java:1375)
	at org.springframework.beans.factory.support.AbstractAutowireCapableBeanFactory.createBeanInstance(AbstractAutowireCapableBeanFactory.java:1212)
	at org.springframework.beans.factory.support.AbstractAutowireCapableBeanFactory.doCreateBean(AbstractAutowireCapableBeanFactory.java:562)
	at org.springframework.beans.factory.support.AbstractAutowireCapableBeanFactory.createBean(AbstractAutowireCapableBeanFactory.java:522)
	at org.springframework.beans.factory.support.AbstractBeanFactory.lambda$doGetBean$0(AbstractBeanFactory.java:337)
	at org.springframework.beans.factory.support.DefaultSingletonBeanRegistry.getSingleton(DefaultSingletonBeanRegistry.java:234)
	at org.springframework.beans.factory.support.AbstractBeanFactory.doGetBean(AbstractBeanFactory.java:335)
	at org.springframework.beans.factory.support.AbstractBeanFactory.getBean(AbstractBeanFactory.java:200)
	at org.springframework.beans.factory.config.DependencyDescriptor.resolveCandidate(DependencyDescriptor.java:254)
	at org.springframework.beans.factory.support.DefaultListableBeanFactory.doResolveDependency(DefaultListableBeanFactory.java:1443)
	at org.springframework.beans.factory.support.DefaultListableBeanFactory.resolveDependency(DefaultListableBeanFactory.java:1353)
	at org.springframework.beans.factory.support.ConstructorResolver.resolveAutowiredArgument(ConstructorResolver.java:904)
	at org.springframework.beans.factory.support.ConstructorResolver.createArgumentArray(ConstructorResolver.java:782)
	... 24 common frames omitted
Caused by: org.springframework.beans.factory.UnsatisfiedDependencyException: Error creating bean with name 'assetRepositoryImpl' defined in file [E:\Data Journey\Subjects\Data Warehous\project\code\goldenhosewarehouse\goldenhosewarehouse\target\classes\com\example\goldenhosewarehouse\dal\persistence\AssetRepositoryImpl.class]: Unsatisfied dependency expressed through constructor parameter 0: Error creating bean with name 'cassandraTemplate' defined in class path resource [org/springframework/boot/autoconfigure/data/cassandra/CassandraDataAutoConfiguration.class]: Unsatisfied dependency expressed through method 'cassandraTemplate' parameter 0: Error creating bean with name 'cassandraSessionFactory' defined in class path resource [org/springframework/boot/autoconfigure/data/cassandra/CassandraDataAutoConfiguration.class]: Error creating bean with name 'cassandraSession' defined in class path resource [org/springframework/boot/autoconfigure/cassandra/CassandraAutoConfiguration.class]: Failed to instantiate [com.datastax.oss.driver.api.core.CqlSession]: Factory method 'cassandraSession' threw exception with message: Invalid keyspace acme_productions
	at org.springframework.beans.factory.support.ConstructorResolver.createArgumentArray(ConstructorResolver.java:795)
	at org.springframework.beans.factory.support.ConstructorResolver.autowireConstructor(ConstructorResolver.java:237)
	at org.springframework.beans.factory.support.AbstractAutowireCapableBeanFactory.autowireConstructor(AbstractAutowireCapableBeanFactory.java:1375)
	at org.springframework.beans.factory.support.AbstractAutowireCapableBeanFactory.createBeanInstance(AbstractAutowireCapableBeanFactory.java:1212)
	at org.springframework.beans.factory.support.AbstractAutowireCapableBeanFactory.doCreateBean(AbstractAutowireCapableBeanFactory.java:562)
	at org.springframework.beans.factory.support.AbstractAutowireCapableBeanFactory.createBean(AbstractAutowireCapableBeanFactory.java:522)
	at org.springframework.beans.factory.support.AbstractBeanFactory.lambda$doGetBean$0(AbstractBeanFactory.java:337)
	at org.springframework.beans.factory.support.DefaultSingletonBeanRegistry.getSingleton(DefaultSingletonBeanRegistry.java:234)
	at org.springframework.beans.factory.support.AbstractBeanFactory.doGetBean(AbstractBeanFactory.java:335)
	at org.springframework.beans.factory.support.AbstractBeanFactory.getBean(AbstractBeanFactory.java:200)
	at org.springframework.beans.factory.config.DependencyDescriptor.resolveCandidate(DependencyDescriptor.java:254)
	at org.springframework.beans.factory.support.DefaultListableBeanFactory.doResolveDependency(DefaultListableBeanFactory.java:1443)
	at org.springframework.beans.factory.support.DefaultListableBeanFactory.resolveDependency(DefaultListableBeanFactory.java:1353)
	at org.springframework.beans.factory.support.ConstructorResolver.resolveAutowiredArgument(ConstructorResolver.java:904)
	at org.springframework.beans.factory.support.ConstructorResolver.createArgumentArray(ConstructorResolver.java:782)
	... 38 common frames omitted
Caused by: org.springframework.beans.factory.UnsatisfiedDependencyException: Error creating bean with name 'cassandraTemplate' defined in class path resource [org/springframework/boot/autoconfigure/data/cassandra/CassandraDataAutoConfiguration.class]: Unsatisfied dependency expressed through method 'cassandraTemplate' parameter 0: Error creating bean with name 'cassandraSessionFactory' defined in class path resource [org/springframework/boot/autoconfigure/data/cassandra/CassandraDataAutoConfiguration.class]: Error creating bean with name 'cassandraSession' defined in class path resource [org/springframework/boot/autoconfigure/cassandra/CassandraAutoConfiguration.class]: Failed to instantiate [com.datastax.oss.driver.api.core.CqlSession]: Factory method 'cassandraSession' threw exception with message: Invalid keyspace acme_productions
	at org.springframework.beans.factory.support.ConstructorResolver.createArgumentArray(ConstructorResolver.java:795)
	at org.springframework.beans.factory.support.ConstructorResolver.instantiateUsingFactoryMethod(ConstructorResolver.java:542)
	at org.springframework.beans.factory.support.AbstractAutowireCapableBeanFactory.instantiateUsingFactoryMethod(AbstractAutowireCapableBeanFactory.java:1355)
	at org.springframework.beans.factory.support.AbstractAutowireCapableBeanFactory.createBeanInstance(AbstractAutowireCapableBeanFactory.java:1185)
	at org.springframework.beans.factory.support.AbstractAutowireCapableBeanFactory.doCreateBean(AbstractAutowireCapableBeanFactory.java:562)
	at org.springframework.beans.factory.support.AbstractAutowireCapableBeanFactory.createBean(AbstractAutowireCapableBeanFactory.java:522)
	at org.springframework.beans.factory.support.AbstractBeanFactory.lambda$doGetBean$0(AbstractBeanFactory.java:337)
	at org.springframework.beans.factory.support.DefaultSingletonBeanRegistry.getSingleton(DefaultSingletonBeanRegistry.java:234)
	at org.springframework.beans.factory.support.AbstractBeanFactory.doGetBean(AbstractBeanFactory.java:335)
	at org.springframework.beans.factory.support.AbstractBeanFactory.getBean(AbstractBeanFactory.java:200)
	at org.springframework.beans.factory.config.DependencyDescriptor.resolveCandidate(DependencyDescriptor.java:254)
	at org.springframework.beans.factory.support.DefaultListableBeanFactory.doResolveDependency(DefaultListableBeanFactory.java:1443)
	at org.springframework.beans.factory.support.DefaultListableBeanFactory.resolveDependency(DefaultListableBeanFactory.java:1353)
	at org.springframework.beans.factory.support.ConstructorResolver.resolveAutowiredArgument(ConstructorResolver.java:904)
	at org.springframework.beans.factory.support.ConstructorResolver.createArgumentArray(ConstructorResolver.java:782)
	... 52 common frames omitted
Caused by: org.springframework.beans.factory.BeanCreationException: Error creating bean with name 'cassandraSessionFactory' defined in class path resource [org/springframework/boot/autoconfigure/data/cassandra/CassandraDataAutoConfiguration.class]: Error creating bean with name 'cassandraSession' defined in class path resource [org/springframework/boot/autoconfigure/cassandra/CassandraAutoConfiguration.class]: Failed to instantiate [com.datastax.oss.driver.api.core.CqlSession]: Factory method 'cassandraSession' threw exception with message: Invalid keyspace acme_productions
	at org.springframework.beans.factory.support.AbstractAutowireCapableBeanFactory.initializeBean(AbstractAutowireCapableBeanFactory.java:1806)
	at org.springframework.beans.factory.support.AbstractAutowireCapableBeanFactory.doCreateBean(AbstractAutowireCapableBeanFactory.java:600)
	at org.springframework.beans.factory.support.AbstractAutowireCapableBeanFactory.createBean(AbstractAutowireCapableBeanFactory.java:522)
	at org.springframework.beans.factory.support.AbstractBeanFactory.lambda$doGetBean$0(AbstractBeanFactory.java:337)
	at org.springframework.beans.factory.support.DefaultSingletonBeanRegistry.getSingleton(DefaultSingletonBeanRegistry.java:234)
	at org.springframework.beans.factory.support.AbstractBeanFactory.doGetBean(AbstractBeanFactory.java:335)
	at org.springframework.beans.factory.support.AbstractBeanFactory.getBean(AbstractBeanFactory.java:200)
	at org.springframework.beans.factory.config.DependencyDescriptor.resolveCandidate(DependencyDescriptor.java:254)
	at org.springframework.beans.factory.support.DefaultListableBeanFactory.doResolveDependency(DefaultListableBeanFactory.java:1443)
	at org.springframework.beans.factory.support.DefaultListableBeanFactory.resolveDependency(DefaultListableBeanFactory.java:1353)
	at org.springframework.beans.factory.support.ConstructorResolver.resolveAutowiredArgument(ConstructorResolver.java:904)
	at org.springframework.beans.factory.support.ConstructorResolver.createArgumentArray(ConstructorResolver.java:782)
	... 66 common frames omitted
Caused by: org.springframework.beans.factory.BeanCreationException: Error creating bean with name 'cassandraSession' defined in class path resource [org/springframework/boot/autoconfigure/cassandra/CassandraAutoConfiguration.class]: Failed to instantiate [com.datastax.oss.driver.api.core.CqlSession]: Factory method 'cassandraSession' threw exception with message: Invalid keyspace acme_productions
	at org.springframework.beans.factory.support.ConstructorResolver.instantiate(ConstructorResolver.java:648)
	at org.springframework.beans.factory.support.ConstructorResolver.instantiateUsingFactoryMethod(ConstructorResolver.java:636)
	at org.springframework.beans.factory.support.AbstractAutowireCapableBeanFactory.instantiateUsingFactoryMethod(AbstractAutowireCapableBeanFactory.java:1355)
	at org.springframework.beans.factory.support.AbstractAutowireCapableBeanFactory.createBeanInstance(AbstractAutowireCapableBeanFactory.java:1185)
	at org.springframework.beans.factory.support.AbstractAutowireCapableBeanFactory.doCreateBean(AbstractAutowireCapableBeanFactory.java:562)
	at org.springframework.beans.factory.support.AbstractAutowireCapableBeanFactory.createBean(AbstractAutowireCapableBeanFactory.java:522)
	at org.springframework.beans.factory.support.AbstractBeanFactory.lambda$doGetBean$0(AbstractBeanFactory.java:337)
	at org.springframework.beans.factory.support.DefaultSingletonBeanRegistry.getSingleton(DefaultSingletonBeanRegistry.java:234)
	at org.springframework.beans.factory.support.AbstractBeanFactory.doGetBean(AbstractBeanFactory.java:335)
	at org.springframework.beans.factory.support.AbstractBeanFactory.getBean(AbstractBeanFactory.java:200)
	at org.springframework.beans.factory.config.DependencyDescriptor.resolveCandidate(DependencyDescriptor.java:254)
	at org.springframework.beans.factory.support.DefaultListableBeanFactory.doResolveDependency(DefaultListableBeanFactory.java:1443)
	at org.springframework.context.annotation.ContextAnnotationAutowireCandidateResolver$1.getTarget(ContextAnnotationAutowireCandidateResolver.java:103)
	at org.springframework.aop.framework.JdkDynamicAopProxy.invoke(JdkDynamicAopProxy.java:203)
	at jdk.proxy3/jdk.proxy3.$Proxy69.getContext(Unknown Source)
	at org.springframework.boot.autoconfigure.data.cassandra.CassandraDataAutoConfiguration.lambda$cassandraConverter$0(CassandraDataAutoConfiguration.java:100)
	at org.springframework.data.util.Lazy.getNullable(Lazy.java:135)
	at org.springframework.data.util.Lazy.get(Lazy.java:113)
	at org.springframework.data.cassandra.core.convert.MappingCassandraConverter.getCodecRegistry(MappingCassandraConverter.java:264)
	at org.springframework.data.cassandra.core.convert.DefaultColumnTypeResolver.getCodecRegistry(DefaultColumnTypeResolver.java:485)
	at org.springframework.data.cassandra.core.convert.DefaultColumnTypeResolver.tryResolve(DefaultColumnTypeResolver.java:244)
	at org.springframework.data.cassandra.core.convert.DefaultColumnTypeResolver.createCassandraTypeDescriptor(DefaultColumnTypeResolver.java:466)
	at org.springframework.data.cassandra.core.convert.DefaultColumnTypeResolver.lambda$resolve$1(DefaultColumnTypeResolver.java:225)
	at java.base/java.util.Optional.orElseGet(Optional.java:364)
	at org.springframework.data.cassandra.core.convert.DefaultColumnTypeResolver.resolve(DefaultColumnTypeResolver.java:224)
	at org.springframework.data.cassandra.core.convert.DefaultColumnTypeResolver.doResolve(DefaultColumnTypeResolver.java:170)
	at org.springframework.data.cassandra.core.convert.DefaultColumnTypeResolver.resolve(DefaultColumnTypeResolver.java:111)
	at org.springframework.data.cassandra.core.convert.SchemaFactory.getDataType(SchemaFactory.java:197)
	at org.springframework.data.cassandra.core.convert.SchemaFactory.getCreateTableSpecificationFor(SchemaFactory.java:173)
	at org.springframework.data.cassandra.core.convert.SchemaFactory.getCreateTableSpecificationFor(SchemaFactory.java:126)
	at org.springframework.data.cassandra.core.CassandraPersistentEntitySchemaCreator.lambda$createTableSpecifications$1(CassandraPersistentEntitySchemaCreator.java:113)
	at java.base/java.util.stream.ReferencePipeline$3$1.accept(ReferencePipeline.java:197)
	at java.base/java.util.concurrent.ConcurrentHashMap$KeySpliterator.forEachRemaining(ConcurrentHashMap.java:3573)
	at java.base/java.util.stream.AbstractPipeline.copyInto(AbstractPipeline.java:509)
	at java.base/java.util.stream.AbstractPipeline.wrapAndCopyInto(AbstractPipeline.java:499)
	at java.base/java.util.stream.ReduceOps$ReduceOp.evaluateSequential(ReduceOps.java:921)
	at java.base/java.util.stream.AbstractPipeline.evaluate(AbstractPipeline.java:234)
	at java.base/java.util.stream.ReferencePipeline.collect(ReferencePipeline.java:682)
	at org.springframework.data.cassandra.core.CassandraPersistentEntitySchemaCreator.createTableSpecifications(CassandraPersistentEntitySchemaCreator.java:115)
	at org.springframework.data.cassandra.core.CassandraPersistentEntitySchemaCreator.createTables(CassandraPersistentEntitySchemaCreator.java:98)
	at org.springframework.data.cassandra.config.SessionFactoryFactoryBean.performSchemaActions(SessionFactoryFactoryBean.java:267)
	at org.springframework.data.cassandra.config.SessionFactoryFactoryBean.createTables(SessionFactoryFactoryBean.java:238)
	at org.springframework.data.cassandra.config.SessionFactoryFactoryBean.performSchemaAction(SessionFactoryFactoryBean.java:224)
	at org.springframework.data.cassandra.config.SessionFactoryFactoryBean.lambda$afterPropertiesSet$0(SessionFactoryFactoryBean.java:157)
	at org.springframework.data.cassandra.config.SchemaUtils.withAsyncSchemaRefresh(SchemaUtils.java:96)
	at org.springframework.data.cassandra.config.SchemaUtils.withSchemaRefresh(SchemaUtils.java:84)
	at org.springframework.data.cassandra.config.SessionFactoryFactoryBean.afterPropertiesSet(SessionFactoryFactoryBean.java:163)
	at org.springframework.beans.factory.support.AbstractAutowireCapableBeanFactory.invokeInitMethods(AbstractAutowireCapableBeanFactory.java:1853)
	at org.springframework.beans.factory.support.AbstractAutowireCapableBeanFactory.initializeBean(AbstractAutowireCapableBeanFactory.java:1802)
	... 77 common frames omitted
Caused by: org.springframework.beans.BeanInstantiationException: Failed to instantiate [com.datastax.oss.driver.api.core.CqlSession]: Factory method 'cassandraSession' threw exception with message: Invalid keyspace acme_productions
	at org.springframework.beans.factory.support.SimpleInstantiationStrategy.instantiate(SimpleInstantiationStrategy.java:178)
	at org.springframework.beans.factory.support.ConstructorResolver.instantiate(ConstructorResolver.java:644)
	... 125 common frames omitted
Caused by: com.datastax.oss.driver.api.core.InvalidKeyspaceException: Invalid keyspace acme_productions
	at com.datastax.oss.driver.api.core.InvalidKeyspaceException.copy(InvalidKeyspaceException.java:36)
	at com.datastax.oss.driver.internal.core.util.concurrent.CompletableFutures.getUninterruptibly(CompletableFutures.java:151)
	at com.datastax.oss.driver.api.core.session.SessionBuilder.build(SessionBuilder.java:837)
	at org.springframework.boot.autoconfigure.cassandra.CassandraAutoConfiguration.cassandraSession(CassandraAutoConfiguration.java:109)
	at java.base/jdk.internal.reflect.NativeMethodAccessorImpl.invoke0(Native Method)
	at java.base/jdk.internal.reflect.NativeMethodAccessorImpl.invoke(NativeMethodAccessorImpl.java:77)
	at java.base/jdk.internal.reflect.DelegatingMethodAccessorImpl.invoke(DelegatingMethodAccessorImpl.java:43)
	at java.base/java.lang.reflect.Method.invoke(Method.java:568)
	at org.springframework.beans.factory.support.SimpleInstantiationStrategy.instantiate(SimpleInstantiationStrategy.java:146)
	... 126 common frames omitted
2026-06-06 12:09:31,832 INFO  [restartedMain] o.s.b.StartupInfoLogger: Starting GoldenhosewarehouseApplication using Java 17.0.17 with PID 45336 (E:\Data Journey\Subjects\Data Warehous\project\code\goldenhosewarehouse\goldenhosewarehouse\target\classes started by thbea in E:\Data Journey\Subjects\Data Warehous\project\code\goldenhosewarehouse\goldenhosewarehouse)
2026-06-06 12:09:31,835 INFO  [restartedMain] o.s.b.SpringApplication: No active profile set, falling back to 1 default profile: "default"
2026-06-06 12:09:31,872 INFO  [restartedMain] o.s.b.l.DeferredLog: Devtools property defaults active! Set 'spring.devtools.add-properties' to 'false' to disable
2026-06-06 12:09:31,872 INFO  [restartedMain] o.s.b.l.DeferredLog: For additional web related logging consider setting the 'logging.level.web' property to 'DEBUG'
2026-06-06 12:09:32,468 INFO  [restartedMain] o.s.d.r.c.RepositoryConfigurationDelegate: Bootstrapping Spring Data Reactive Cassandra repositories in DEFAULT mode.
2026-06-06 12:09:32,495 INFO  [restartedMain] o.s.d.r.c.RepositoryConfigurationDelegate: Finished Spring Data repository scanning in 24 ms. Found 0 Reactive Cassandra repository interfaces.
2026-06-06 12:09:32,500 INFO  [restartedMain] o.s.d.r.c.RepositoryConfigurationDelegate: Bootstrapping Spring Data Cassandra repositories in DEFAULT mode.
2026-06-06 12:09:32,521 INFO  [restartedMain] o.s.d.r.c.RepositoryConfigurationDelegate: Finished Spring Data repository scanning in 20 ms. Found 1 Cassandra repository interface.
2026-06-06 12:09:32,918 INFO  [restartedMain] o.s.b.w.e.t.TomcatWebServer: Tomcat initialized with port 8080 (http)
2026-06-06 12:09:32,927 INFO  [restartedMain] o.a.j.l.DirectJDKLog: Initializing ProtocolHandler ["http-nio-8080"]
2026-06-06 12:09:32,929 INFO  [restartedMain] o.a.j.l.DirectJDKLog: Starting service [Tomcat]
2026-06-06 12:09:32,929 INFO  [restartedMain] o.a.j.l.DirectJDKLog: Starting Servlet engine: [Apache Tomcat/10.1.30]
2026-06-06 12:09:32,970 INFO  [restartedMain] o.a.j.l.DirectJDKLog: Initializing Spring embedded WebApplicationContext
2026-06-06 12:09:32,970 INFO  [restartedMain] o.s.b.w.s.c.ServletWebServerApplicationContext: Root WebApplicationContext: initialization completed in 1096 ms
2026-06-06 12:09:33,028 INFO  [restartedMain] c.d.o.d.i.c.DefaultMavenCoordinates: Apache Cassandra Java Driver (org.apache.cassandra:java-driver-core) version 4.18.1
2026-06-06 12:09:33,207 INFO  [restartedMain] o.s.b.d.a.OptionalLiveReloadServer: LiveReload server is running on port 35729
2026-06-06 12:09:33,475 INFO  [restartedMain] c.d.o.d.i.c.c.CqlPrepareAsyncProcessor: Adding handler to invalidate cached prepared statements on type changes
2026-06-06 12:09:33,668 INFO  [s0-admin-0] c.d.o.d.i.c.t.Clock: Using native clock for microsecond precision
2026-06-06 12:09:34,427 WARN  [restartedMain] o.s.b.a.s.s.UserDetailsServiceAutoConfiguration: 

Using generated security password: 237fff61-fb62-4a25-bdff-61972a61961e

This generated password is for development use only. Your security configuration must be updated before running your application in production.

2026-06-06 12:09:34,453 INFO  [restartedMain] o.s.s.c.a.a.c.InitializeUserDetailsBeanManagerConfigurer$InitializeUserDetailsManagerConfigurer: Global AuthenticationManager configured with UserDetailsService bean with name inMemoryUserDetailsManager
2026-06-06 12:09:34,932 INFO  [restartedMain] o.a.j.l.DirectJDKLog: Starting ProtocolHandler ["http-nio-8080"]
2026-06-06 12:09:34,943 INFO  [restartedMain] o.s.b.w.e.t.TomcatWebServer: Tomcat started on port 8080 (http) with context path '/'
2026-06-06 12:09:34,952 INFO  [restartedMain] o.s.b.StartupInfoLogger: Started GoldenhosewarehouseApplication in 3.559 seconds (process running for 4.344)
2026-06-06 18:06:14,414 INFO  [http-nio-8080-exec-1] o.a.j.l.DirectJDKLog: Initializing Spring DispatcherServlet 'dispatcherServlet'
2026-06-06 18:06:14,423 INFO  [http-nio-8080-exec-1] o.s.w.s.FrameworkServlet: Initializing Servlet 'dispatcherServlet'
2026-06-06 18:06:14,448 INFO  [http-nio-8080-exec-1] o.s.w.s.FrameworkServlet: Completed initialization in 24 ms
2026-06-06 18:37:05,460 INFO  [restartedMain] o.s.b.StartupInfoLogger: Starting GoldenhosewarehouseApplication using Java 17.0.17 with PID 46724 (E:\Data Journey\Subjects\Data Warehous\project\code\goldenhosewarehouse\goldenhosewarehouse\target\classes started by thbea in E:\Data Journey\Subjects\Data Warehous\project\code\goldenhosewarehouse\goldenhosewarehouse)
2026-06-06 18:37:05,464 INFO  [restartedMain] o.s.b.SpringApplication: No active profile set, falling back to 1 default profile: "default"
2026-06-06 18:37:05,535 INFO  [restartedMain] o.s.b.l.DeferredLog: Devtools property defaults active! Set 'spring.devtools.add-properties' to 'false' to disable
2026-06-06 18:37:05,536 INFO  [restartedMain] o.s.b.l.DeferredLog: For additional web related logging consider setting the 'logging.level.web' property to 'DEBUG'
2026-06-06 18:37:07,202 INFO  [restartedMain] o.s.d.r.c.RepositoryConfigurationDelegate: Bootstrapping Spring Data Reactive Cassandra repositories in DEFAULT mode.
2026-06-06 18:37:07,262 INFO  [restartedMain] o.s.d.r.c.RepositoryConfigurationDelegate: Finished Spring Data repository scanning in 52 ms. Found 0 Reactive Cassandra repository interfaces.
2026-06-06 18:37:07,273 INFO  [restartedMain] o.s.d.r.c.RepositoryConfigurationDelegate: Bootstrapping Spring Data Cassandra repositories in DEFAULT mode.
2026-06-06 18:37:07,316 INFO  [restartedMain] o.s.d.r.c.RepositoryConfigurationDelegate: Finished Spring Data repository scanning in 42 ms. Found 1 Cassandra repository interface.
2026-06-06 18:37:08,404 INFO  [restartedMain] o.s.b.w.e.t.TomcatWebServer: Tomcat initialized with port 8080 (http)
2026-06-06 18:37:08,425 INFO  [restartedMain] o.a.j.l.DirectJDKLog: Initializing ProtocolHandler ["http-nio-8080"]
2026-06-06 18:37:08,430 INFO  [restartedMain] o.a.j.l.DirectJDKLog: Starting service [Tomcat]
2026-06-06 18:37:08,431 INFO  [restartedMain] o.a.j.l.DirectJDKLog: Starting Servlet engine: [Apache Tomcat/10.1.30]
2026-06-06 18:37:08,531 INFO  [restartedMain] o.a.j.l.DirectJDKLog: Initializing Spring embedded WebApplicationContext
2026-06-06 18:37:08,531 INFO  [restartedMain] o.s.b.w.s.c.ServletWebServerApplicationContext: Root WebApplicationContext: initialization completed in 2994 ms
2026-06-06 18:37:08,710 INFO  [restartedMain] c.d.o.d.i.c.DefaultMavenCoordinates: Apache Cassandra Java Driver (org.apache.cassandra:java-driver-core) version 4.18.1
2026-06-06 18:37:09,178 INFO  [restartedMain] o.s.b.d.a.OptionalLiveReloadServer: LiveReload server is running on port 35729
2026-06-06 18:37:09,994 INFO  [restartedMain] c.d.o.d.i.c.c.CqlPrepareAsyncProcessor: Adding handler to invalidate cached prepared statements on type changes
2026-06-06 18:37:10,571 INFO  [s0-admin-0] c.d.o.d.i.c.t.Clock: Using native clock for microsecond precision
2026-06-06 18:37:12,816 WARN  [restartedMain] o.s.b.a.s.s.UserDetailsServiceAutoConfiguration: 

Using generated security password: d5e8c94f-ce68-4452-946d-e2f49db2b39a

This generated password is for development use only. Your security configuration must be updated before running your application in production.

2026-06-06 18:37:12,874 INFO  [restartedMain] o.s.s.c.a.a.c.InitializeUserDetailsBeanManagerConfigurer$InitializeUserDetailsManagerConfigurer: Global AuthenticationManager configured with UserDetailsService bean with name inMemoryUserDetailsManager
2026-06-06 18:37:13,897 INFO  [restartedMain] o.a.j.l.DirectJDKLog: Starting ProtocolHandler ["http-nio-8080"]
2026-06-06 18:37:13,928 INFO  [restartedMain] o.s.b.w.e.t.TomcatWebServer: Tomcat started on port 8080 (http) with context path '/'
2026-06-06 18:37:13,956 INFO  [restartedMain] o.s.b.StartupInfoLogger: Started GoldenhosewarehouseApplication in 9.36 seconds (process running for 10.714)
2026-06-06 18:40:22,442 INFO  [restartedMain] o.s.b.StartupInfoLogger: Starting GoldenhosewarehouseApplication using Java 17.0.17 with PID 34036 (E:\Data Journey\Subjects\Data Warehous\project\code\goldenhosewarehouse\goldenhosewarehouse\target\classes started by thbea in E:\Data Journey\Subjects\Data Warehous\project\code\goldenhosewarehouse\goldenhosewarehouse)
2026-06-06 18:40:22,446 INFO  [restartedMain] o.s.b.SpringApplication: No active profile set, falling back to 1 default profile: "default"
2026-06-06 18:40:22,514 INFO  [restartedMain] o.s.b.l.DeferredLog: Devtools property defaults active! Set 'spring.devtools.add-properties' to 'false' to disable
2026-06-06 18:40:22,515 INFO  [restartedMain] o.s.b.l.DeferredLog: For additional web related logging consider setting the 'logging.level.web' property to 'DEBUG'
2026-06-06 18:40:23,674 INFO  [restartedMain] o.s.d.r.c.RepositoryConfigurationDelegate: Bootstrapping Spring Data Reactive Cassandra repositories in DEFAULT mode.
2026-06-06 18:40:23,731 INFO  [restartedMain] o.s.d.r.c.RepositoryConfigurationDelegate: Finished Spring Data repository scanning in 50 ms. Found 0 Reactive Cassandra repository interfaces.
2026-06-06 18:40:23,742 INFO  [restartedMain] o.s.d.r.c.RepositoryConfigurationDelegate: Bootstrapping Spring Data Cassandra repositories in DEFAULT mode.
2026-06-06 18:40:23,785 INFO  [restartedMain] o.s.d.r.c.RepositoryConfigurationDelegate: Finished Spring Data repository scanning in 42 ms. Found 1 Cassandra repository interface.
2026-06-06 18:40:24,571 INFO  [restartedMain] o.s.b.w.e.t.TomcatWebServer: Tomcat initialized with port 8080 (http)
2026-06-06 18:40:24,587 INFO  [restartedMain] o.a.j.l.DirectJDKLog: Initializing ProtocolHandler ["http-nio-8080"]
2026-06-06 18:40:24,591 INFO  [restartedMain] o.a.j.l.DirectJDKLog: Starting service [Tomcat]
2026-06-06 18:40:24,592 INFO  [restartedMain] o.a.j.l.DirectJDKLog: Starting Servlet engine: [Apache Tomcat/10.1.30]
2026-06-06 18:40:24,680 INFO  [restartedMain] o.a.j.l.DirectJDKLog: Initializing Spring embedded WebApplicationContext
2026-06-06 18:40:24,680 INFO  [restartedMain] o.s.b.w.s.c.ServletWebServerApplicationContext: Root WebApplicationContext: initialization completed in 2164 ms
2026-06-06 18:40:24,805 INFO  [restartedMain] c.d.o.d.i.c.DefaultMavenCoordinates: Apache Cassandra Java Driver (org.apache.cassandra:java-driver-core) version 4.18.1
2026-06-06 18:40:25,164 INFO  [restartedMain] o.s.b.d.a.OptionalLiveReloadServer: LiveReload server is running on port 35729
2026-06-06 18:40:25,831 INFO  [restartedMain] c.d.o.d.i.c.c.CqlPrepareAsyncProcessor: Adding handler to invalidate cached prepared statements on type changes
2026-06-06 18:40:26,288 INFO  [s0-admin-0] c.d.o.d.i.c.t.Clock: Using native clock for microsecond precision
2026-06-06 18:40:27,457 WARN  [restartedMain] o.s.b.a.s.s.UserDetailsServiceAutoConfiguration: 

Using generated security password: fb2b1b25-47d9-4adc-ad95-82a98c604075

This generated password is for development use only. Your security configuration must be updated before running your application in production.

2026-06-06 18:40:27,493 INFO  [restartedMain] o.s.s.c.a.a.c.InitializeUserDetailsBeanManagerConfigurer$InitializeUserDetailsManagerConfigurer: Global AuthenticationManager configured with UserDetailsService bean with name inMemoryUserDetailsManager
2026-06-06 18:40:28,258 INFO  [restartedMain] o.a.j.l.DirectJDKLog: Starting ProtocolHandler ["http-nio-8080"]
2026-06-06 18:40:28,281 INFO  [restartedMain] o.s.b.w.e.t.TomcatWebServer: Tomcat started on port 8080 (http) with context path '/'
2026-06-06 18:40:28,299 INFO  [restartedMain] o.s.b.StartupInfoLogger: Started GoldenhosewarehouseApplication in 6.663 seconds (process running for 8.016)
2026-06-06 18:51:54,589 INFO  [restartedMain] o.s.b.StartupInfoLogger: Starting GoldenhosewarehouseApplication using Java 17.0.17 with PID 44868 (E:\Data Journey\Subjects\Data Warehous\project\code\goldenhosewarehouse\goldenhosewarehouse\target\classes started by thbea in E:\Data Journey\Subjects\Data Warehous\project\code\goldenhosewarehouse\goldenhosewarehouse)
2026-06-06 18:51:54,594 INFO  [restartedMain] o.s.b.SpringApplication: No active profile set, falling back to 1 default profile: "default"
2026-06-06 18:51:54,667 INFO  [restartedMain] o.s.b.l.DeferredLog: Devtools property defaults active! Set 'spring.devtools.add-properties' to 'false' to disable
2026-06-06 18:51:54,668 INFO  [restartedMain] o.s.b.l.DeferredLog: For additional web related logging consider setting the 'logging.level.web' property to 'DEBUG'
2026-06-06 18:51:55,845 INFO  [restartedMain] o.s.d.r.c.RepositoryConfigurationDelegate: Bootstrapping Spring Data Reactive Cassandra repositories in DEFAULT mode.
2026-06-06 18:51:55,916 INFO  [restartedMain] o.s.d.r.c.RepositoryConfigurationDelegate: Finished Spring Data repository scanning in 61 ms. Found 0 Reactive Cassandra repository interfaces.
2026-06-06 18:51:55,938 INFO  [restartedMain] o.s.d.r.c.RepositoryConfigurationDelegate: Bootstrapping Spring Data Cassandra repositories in DEFAULT mode.
2026-06-06 18:51:56,016 INFO  [restartedMain] o.s.d.r.c.RepositoryConfigurationDelegate: Finished Spring Data repository scanning in 76 ms. Found 1 Cassandra repository interface.
2026-06-06 18:51:56,785 INFO  [restartedMain] o.s.b.w.e.t.TomcatWebServer: Tomcat initialized with port 8080 (http)
2026-06-06 18:51:56,801 INFO  [restartedMain] o.a.j.l.DirectJDKLog: Initializing ProtocolHandler ["http-nio-8080"]
2026-06-06 18:51:56,807 INFO  [restartedMain] o.a.j.l.DirectJDKLog: Starting service [Tomcat]
2026-06-06 18:51:56,807 INFO  [restartedMain] o.a.j.l.DirectJDKLog: Starting Servlet engine: [Apache Tomcat/10.1.30]
2026-06-06 18:51:56,900 INFO  [restartedMain] o.a.j.l.DirectJDKLog: Initializing Spring embedded WebApplicationContext
2026-06-06 18:51:56,901 INFO  [restartedMain] o.s.b.w.s.c.ServletWebServerApplicationContext: Root WebApplicationContext: initialization completed in 2232 ms
2026-06-06 18:51:57,039 INFO  [restartedMain] c.d.o.d.i.c.DefaultMavenCoordinates: Apache Cassandra Java Driver (org.apache.cassandra:java-driver-core) version 4.18.1
2026-06-06 18:51:57,406 INFO  [restartedMain] o.s.b.d.a.OptionalLiveReloadServer: LiveReload server is running on port 35729
2026-06-06 18:51:57,953 INFO  [restartedMain] c.d.o.d.i.c.c.CqlPrepareAsyncProcessor: Adding handler to invalidate cached prepared statements on type changes
2026-06-06 18:51:58,394 INFO  [s0-admin-0] c.d.o.d.i.c.t.Clock: Using native clock for microsecond precision
2026-06-06 18:51:59,541 WARN  [restartedMain] o.s.b.a.s.s.UserDetailsServiceAutoConfiguration: 

Using generated security password: e723093b-c6d1-45b2-a902-46207a3aa2ee

This generated password is for development use only. Your security configuration must be updated before running your application in production.

2026-06-06 18:51:59,585 INFO  [restartedMain] o.s.s.c.a.a.c.InitializeUserDetailsBeanManagerConfigurer$InitializeUserDetailsManagerConfigurer: Global AuthenticationManager configured with UserDetailsService bean with name inMemoryUserDetailsManager
2026-06-06 18:52:00,378 INFO  [restartedMain] o.a.j.l.DirectJDKLog: Starting ProtocolHandler ["http-nio-8080"]
2026-06-06 18:52:00,402 INFO  [restartedMain] o.s.b.w.e.t.TomcatWebServer: Tomcat started on port 8080 (http) with context path '/'
2026-06-06 18:52:00,432 INFO  [restartedMain] o.s.b.StartupInfoLogger: Started GoldenhosewarehouseApplication in 6.566 seconds (process running for 7.807)
2026-06-06 18:55:33,459 INFO  [restartedMain] o.s.b.StartupInfoLogger: Starting GoldenhosewarehouseApplication using Java 17.0.17 with PID 36616 (E:\Data Journey\Subjects\Data Warehous\project\code\goldenhosewarehouse\goldenhosewarehouse\target\classes started by thbea in E:\Data Journey\Subjects\Data Warehous\project\code\goldenhosewarehouse\goldenhosewarehouse)
2026-06-06 18:55:33,464 INFO  [restartedMain] o.s.b.SpringApplication: No active profile set, falling back to 1 default profile: "default"
2026-06-06 18:55:33,537 INFO  [restartedMain] o.s.b.l.DeferredLog: Devtools property defaults active! Set 'spring.devtools.add-properties' to 'false' to disable
2026-06-06 18:55:33,539 INFO  [restartedMain] o.s.b.l.DeferredLog: For additional web related logging consider setting the 'logging.level.web' property to 'DEBUG'
2026-06-06 18:55:34,741 INFO  [restartedMain] o.s.d.r.c.RepositoryConfigurationDelegate: Bootstrapping Spring Data Reactive Cassandra repositories in DEFAULT mode.
2026-06-06 18:55:34,797 INFO  [restartedMain] o.s.d.r.c.RepositoryConfigurationDelegate: Finished Spring Data repository scanning in 48 ms. Found 0 Reactive Cassandra repository interfaces.
2026-06-06 18:55:34,808 INFO  [restartedMain] o.s.d.r.c.RepositoryConfigurationDelegate: Bootstrapping Spring Data Cassandra repositories in DEFAULT mode.
2026-06-06 18:55:34,856 INFO  [restartedMain] o.s.d.r.c.RepositoryConfigurationDelegate: Finished Spring Data repository scanning in 47 ms. Found 1 Cassandra repository interface.
2026-06-06 18:55:35,701 INFO  [restartedMain] o.s.b.w.e.t.TomcatWebServer: Tomcat initialized with port 8080 (http)
2026-06-06 18:55:35,719 INFO  [restartedMain] o.a.j.l.DirectJDKLog: Initializing ProtocolHandler ["http-nio-8080"]
2026-06-06 18:55:35,724 INFO  [restartedMain] o.a.j.l.DirectJDKLog: Starting service [Tomcat]
2026-06-06 18:55:35,725 INFO  [restartedMain] o.a.j.l.DirectJDKLog: Starting Servlet engine: [Apache Tomcat/10.1.30]
2026-06-06 18:55:35,819 INFO  [restartedMain] o.a.j.l.DirectJDKLog: Initializing Spring embedded WebApplicationContext
2026-06-06 18:55:35,820 INFO  [restartedMain] o.s.b.w.s.c.ServletWebServerApplicationContext: Root WebApplicationContext: initialization completed in 2281 ms
2026-06-06 18:55:35,961 INFO  [restartedMain] c.d.o.d.i.c.DefaultMavenCoordinates: Apache Cassandra Java Driver (org.apache.cassandra:java-driver-core) version 4.18.1
2026-06-06 18:55:36,396 INFO  [restartedMain] o.s.b.d.a.OptionalLiveReloadServer: LiveReload server is running on port 35729
2026-06-06 18:55:36,983 INFO  [restartedMain] c.d.o.d.i.c.c.CqlPrepareAsyncProcessor: Adding handler to invalidate cached prepared statements on type changes
2026-06-06 18:55:37,502 INFO  [s0-admin-0] c.d.o.d.i.c.t.Clock: Using native clock for microsecond precision
2026-06-06 18:55:38,817 WARN  [restartedMain] o.s.b.a.s.s.UserDetailsServiceAutoConfiguration: 

Using generated security password: 8e5fd5ce-d3ff-4fe8-9bdb-5bcd4d9cb8fa

This generated password is for development use only. Your security configuration must be updated before running your application in production.

2026-06-06 18:55:38,869 INFO  [restartedMain] o.s.s.c.a.a.c.InitializeUserDetailsBeanManagerConfigurer$InitializeUserDetailsManagerConfigurer: Global AuthenticationManager configured with UserDetailsService bean with name inMemoryUserDetailsManager
2026-06-06 18:55:39,654 INFO  [restartedMain] o.a.j.l.DirectJDKLog: Starting ProtocolHandler ["http-nio-8080"]
2026-06-06 18:55:39,676 INFO  [restartedMain] o.s.b.w.e.t.TomcatWebServer: Tomcat started on port 8080 (http) with context path '/'
2026-06-06 18:55:39,694 INFO  [restartedMain] o.s.b.StartupInfoLogger: Started GoldenhosewarehouseApplication in 6.986 seconds (process running for 8.232)
2026-06-06 18:57:29,626 INFO  [restartedMain] o.s.b.StartupInfoLogger: Starting GoldenhosewarehouseApplication using Java 17.0.17 with PID 29592 (E:\Data Journey\Subjects\Data Warehous\project\code\goldenhosewarehouse\goldenhosewarehouse\target\classes started by thbea in E:\Data Journey\Subjects\Data Warehous\project\code\goldenhosewarehouse\goldenhosewarehouse)
2026-06-06 18:57:29,631 INFO  [restartedMain] o.s.b.SpringApplication: No active profile set, falling back to 1 default profile: "default"
2026-06-06 18:57:29,702 INFO  [restartedMain] o.s.b.l.DeferredLog: Devtools property defaults active! Set 'spring.devtools.add-properties' to 'false' to disable
2026-06-06 18:57:29,703 INFO  [restartedMain] o.s.b.l.DeferredLog: For additional web related logging consider setting the 'logging.level.web' property to 'DEBUG'
2026-06-06 18:57:31,085 INFO  [restartedMain] o.s.d.r.c.RepositoryConfigurationDelegate: Bootstrapping Spring Data Reactive Cassandra repositories in DEFAULT mode.
2026-06-06 18:57:31,143 INFO  [restartedMain] o.s.d.r.c.RepositoryConfigurationDelegate: Finished Spring Data repository scanning in 50 ms. Found 0 Reactive Cassandra repository interfaces.
2026-06-06 18:57:31,153 INFO  [restartedMain] o.s.d.r.c.RepositoryConfigurationDelegate: Bootstrapping Spring Data Cassandra repositories in DEFAULT mode.
2026-06-06 18:57:31,193 INFO  [restartedMain] o.s.d.r.c.RepositoryConfigurationDelegate: Finished Spring Data repository scanning in 39 ms. Found 1 Cassandra repository interface.
2026-06-06 18:57:32,029 INFO  [restartedMain] o.s.b.w.e.t.TomcatWebServer: Tomcat initialized with port 8080 (http)
2026-06-06 18:57:32,047 INFO  [restartedMain] o.a.j.l.DirectJDKLog: Initializing ProtocolHandler ["http-nio-8080"]
2026-06-06 18:57:32,051 INFO  [restartedMain] o.a.j.l.DirectJDKLog: Starting service [Tomcat]
2026-06-06 18:57:32,052 INFO  [restartedMain] o.a.j.l.DirectJDKLog: Starting Servlet engine: [Apache Tomcat/10.1.30]
2026-06-06 18:57:32,146 INFO  [restartedMain] o.a.j.l.DirectJDKLog: Initializing Spring embedded WebApplicationContext
2026-06-06 18:57:32,146 INFO  [restartedMain] o.s.b.w.s.c.ServletWebServerApplicationContext: Root WebApplicationContext: initialization completed in 2441 ms
2026-06-06 18:57:32,294 INFO  [restartedMain] c.d.o.d.i.c.DefaultMavenCoordinates: Apache Cassandra Java Driver (org.apache.cassandra:java-driver-core) version 4.18.1
2026-06-06 18:57:32,721 INFO  [restartedMain] o.s.b.d.a.OptionalLiveReloadServer: LiveReload server is running on port 35729
2026-06-06 18:57:33,325 INFO  [restartedMain] c.d.o.d.i.c.c.CqlPrepareAsyncProcessor: Adding handler to invalidate cached prepared statements on type changes
2026-06-06 18:57:33,865 INFO  [s0-admin-0] c.d.o.d.i.c.t.Clock: Using native clock for microsecond precision
2026-06-06 18:57:35,150 WARN  [restartedMain] o.s.b.a.s.s.UserDetailsServiceAutoConfiguration: 

Using generated security password: 9e9485b4-0962-4815-bc32-6e04bb7b4546

This generated password is for development use only. Your security configuration must be updated before running your application in production.

2026-06-06 18:57:35,186 INFO  [restartedMain] o.s.s.c.a.a.c.InitializeUserDetailsBeanManagerConfigurer$InitializeUserDetailsManagerConfigurer: Global AuthenticationManager configured with UserDetailsService bean with name inMemoryUserDetailsManager
2026-06-06 18:57:36,018 INFO  [restartedMain] o.a.j.l.DirectJDKLog: Starting ProtocolHandler ["http-nio-8080"]
2026-06-06 18:57:36,043 INFO  [restartedMain] o.s.b.w.e.t.TomcatWebServer: Tomcat started on port 8080 (http) with context path '/'
2026-06-06 18:57:36,063 INFO  [restartedMain] o.s.b.StartupInfoLogger: Started GoldenhosewarehouseApplication in 7.177 seconds (process running for 8.354)
2026-06-06 19:00:46,930 INFO  [restartedMain] o.s.b.StartupInfoLogger: Starting GoldenhosewarehouseApplication using Java 17.0.17 with PID 57028 (E:\Data Journey\Subjects\Data Warehous\project\code\goldenhosewarehouse\goldenhosewarehouse\target\classes started by thbea in E:\Data Journey\Subjects\Data Warehous\project\code\goldenhosewarehouse\goldenhosewarehouse)
2026-06-06 19:00:46,933 INFO  [restartedMain] o.s.b.SpringApplication: No active profile set, falling back to 1 default profile: "default"
2026-06-06 19:00:46,973 INFO  [restartedMain] o.s.b.l.DeferredLog: Devtools property defaults active! Set 'spring.devtools.add-properties' to 'false' to disable
2026-06-06 19:00:46,975 INFO  [restartedMain] o.s.b.l.DeferredLog: For additional web related logging consider setting the 'logging.level.web' property to 'DEBUG'
2026-06-06 19:00:47,708 INFO  [restartedMain] o.s.d.r.c.RepositoryConfigurationDelegate: Bootstrapping Spring Data Reactive Cassandra repositories in DEFAULT mode.
2026-06-06 19:00:47,736 INFO  [restartedMain] o.s.d.r.c.RepositoryConfigurationDelegate: Finished Spring Data repository scanning in 24 ms. Found 0 Reactive Cassandra repository interfaces.
2026-06-06 19:00:47,741 INFO  [restartedMain] o.s.d.r.c.RepositoryConfigurationDelegate: Bootstrapping Spring Data Cassandra repositories in DEFAULT mode.
2026-06-06 19:00:47,761 INFO  [restartedMain] o.s.d.r.c.RepositoryConfigurationDelegate: Finished Spring Data repository scanning in 19 ms. Found 1 Cassandra repository interface.
2026-06-06 19:00:48,138 INFO  [restartedMain] o.s.b.w.e.t.TomcatWebServer: Tomcat initialized with port 8080 (http)
2026-06-06 19:00:48,152 INFO  [restartedMain] o.a.j.l.DirectJDKLog: Initializing ProtocolHandler ["http-nio-8080"]
2026-06-06 19:00:48,156 INFO  [restartedMain] o.a.j.l.DirectJDKLog: Starting service [Tomcat]
2026-06-06 19:00:48,156 INFO  [restartedMain] o.a.j.l.DirectJDKLog: Starting Servlet engine: [Apache Tomcat/10.1.30]
2026-06-06 19:00:48,216 INFO  [restartedMain] o.a.j.l.DirectJDKLog: Initializing Spring embedded WebApplicationContext
2026-06-06 19:00:48,216 INFO  [restartedMain] o.s.b.w.s.c.ServletWebServerApplicationContext: Root WebApplicationContext: initialization completed in 1241 ms
2026-06-06 19:00:48,289 INFO  [restartedMain] c.d.o.d.i.c.DefaultMavenCoordinates: Apache Cassandra Java Driver (org.apache.cassandra:java-driver-core) version 4.18.1
2026-06-06 19:00:48,510 INFO  [restartedMain] o.s.b.d.a.OptionalLiveReloadServer: LiveReload server is running on port 35729
2026-06-06 19:00:48,802 INFO  [restartedMain] c.d.o.d.i.c.c.CqlPrepareAsyncProcessor: Adding handler to invalidate cached prepared statements on type changes
2026-06-06 19:00:48,990 INFO  [s0-admin-0] c.d.o.d.i.c.t.Clock: Using native clock for microsecond precision
2026-06-06 19:00:49,717 WARN  [restartedMain] o.s.b.a.s.s.UserDetailsServiceAutoConfiguration: 

Using generated security password: 5710d606-aa9a-4308-bcf7-8a7c9a9702b1

This generated password is for development use only. Your security configuration must be updated before running your application in production.

2026-06-06 19:00:49,743 INFO  [restartedMain] o.s.s.c.a.a.c.InitializeUserDetailsBeanManagerConfigurer$InitializeUserDetailsManagerConfigurer: Global AuthenticationManager configured with UserDetailsService bean with name inMemoryUserDetailsManager
2026-06-06 19:00:50,156 INFO  [restartedMain] o.a.j.l.DirectJDKLog: Starting ProtocolHandler ["http-nio-8080"]
2026-06-06 19:00:50,165 INFO  [restartedMain] o.s.b.w.e.t.TomcatWebServer: Tomcat started on port 8080 (http) with context path '/'
2026-06-06 19:00:50,174 INFO  [restartedMain] o.s.b.StartupInfoLogger: Started GoldenhosewarehouseApplication in 3.695 seconds (process running for 4.646)
2026-06-06 19:21:45,663 INFO  [http-nio-8080-exec-2] o.a.j.l.DirectJDKLog: Initializing Spring DispatcherServlet 'dispatcherServlet'
2026-06-06 19:21:45,667 INFO  [http-nio-8080-exec-2] o.s.w.s.FrameworkServlet: Initializing Servlet 'dispatcherServlet'
2026-06-06 19:21:45,671 INFO  [http-nio-8080-exec-2] o.s.w.s.FrameworkServlet: Completed initialization in 4 ms
2026-06-06 19:21:46,165 WARN  [http-nio-8080-exec-2] o.s.w.s.h.AbstractHandlerExceptionResolver: Resolved [org.springframework.http.converter.HttpMessageNotWritableException: Could not write JSON: Initial scroll position does not provide a PagingState]
2026-06-06 19:58:36,385 INFO  [restartedMain] o.s.b.StartupInfoLogger: Starting GoldenhosewarehouseApplication using Java 17.0.17 with PID 53880 (E:\Data Journey\Subjects\Data Warehous\project\code\goldenhosewarehouse\goldenhosewarehouse\target\classes started by thbea in E:\Data Journey\Subjects\Data Warehous\project\code\goldenhosewarehouse\goldenhosewarehouse)
2026-06-06 19:58:36,388 INFO  [restartedMain] o.s.b.SpringApplication: No active profile set, falling back to 1 default profile: "default"
2026-06-06 19:58:36,438 INFO  [restartedMain] o.s.b.l.DeferredLog: Devtools property defaults active! Set 'spring.devtools.add-properties' to 'false' to disable
2026-06-06 19:58:36,438 INFO  [restartedMain] o.s.b.l.DeferredLog: For additional web related logging consider setting the 'logging.level.web' property to 'DEBUG'
2026-06-06 19:58:37,140 INFO  [restartedMain] o.s.d.r.c.RepositoryConfigurationDelegate: Bootstrapping Spring Data Reactive Cassandra repositories in DEFAULT mode.
2026-06-06 19:58:37,171 INFO  [restartedMain] o.s.d.r.c.RepositoryConfigurationDelegate: Finished Spring Data repository scanning in 28 ms. Found 0 Reactive Cassandra repository interfaces.
2026-06-06 19:58:37,177 INFO  [restartedMain] o.s.d.r.c.RepositoryConfigurationDelegate: Bootstrapping Spring Data Cassandra repositories in DEFAULT mode.
2026-06-06 19:58:37,198 INFO  [restartedMain] o.s.d.r.c.RepositoryConfigurationDelegate: Finished Spring Data repository scanning in 19 ms. Found 1 Cassandra repository interface.
2026-06-06 19:58:37,597 INFO  [restartedMain] o.s.b.w.e.t.TomcatWebServer: Tomcat initialized with port 8080 (http)
2026-06-06 19:58:37,606 INFO  [restartedMain] o.a.j.l.DirectJDKLog: Initializing ProtocolHandler ["http-nio-8080"]
2026-06-06 19:58:37,609 INFO  [restartedMain] o.a.j.l.DirectJDKLog: Starting service [Tomcat]
2026-06-06 19:58:37,609 INFO  [restartedMain] o.a.j.l.DirectJDKLog: Starting Servlet engine: [Apache Tomcat/10.1.30]
2026-06-06 19:58:37,650 INFO  [restartedMain] o.a.j.l.DirectJDKLog: Initializing Spring embedded WebApplicationContext
2026-06-06 19:58:37,651 INFO  [restartedMain] o.s.b.w.s.c.ServletWebServerApplicationContext: Root WebApplicationContext: initialization completed in 1211 ms
2026-06-06 19:58:37,710 INFO  [restartedMain] c.d.o.d.i.c.DefaultMavenCoordinates: Apache Cassandra Java Driver (org.apache.cassandra:java-driver-core) version 4.18.1
2026-06-06 19:58:37,904 INFO  [restartedMain] o.s.b.d.a.OptionalLiveReloadServer: LiveReload server is running on port 35729
2026-06-06 19:58:38,215 INFO  [restartedMain] c.d.o.d.i.c.c.CqlPrepareAsyncProcessor: Adding handler to invalidate cached prepared statements on type changes
2026-06-06 19:58:38,410 INFO  [s0-admin-0] c.d.o.d.i.c.t.Clock: Using native clock for microsecond precision
2026-06-06 19:58:38,902 WARN  [restartedMain] o.s.c.s.AbstractApplicationContext: Exception encountered during context initialization - cancelling refresh attempt: org.springframework.beans.factory.UnsatisfiedDependencyException: Error creating bean with name 'dataController' defined in file [E:\Data Journey\Subjects\Data Warehous\project\code\goldenhosewarehouse\goldenhosewarehouse\target\classes\com\example\goldenhosewarehouse\api\web\DataController.class]: Unsatisfied dependency expressed through constructor parameter 0: Error creating bean with name 'dataServiceImpl' defined in file [E:\Data Journey\Subjects\Data Warehous\project\code\goldenhosewarehouse\goldenhosewarehouse\target\classes\com\example\goldenhosewarehouse\dal\service\impl\DataServiceImpl.class]: Unsatisfied dependency expressed through constructor parameter 0: Error creating bean with name 'dataRepository' defined in com.example.goldenhosewarehouse.dal.repository.DataRepository defined in @EnableCassandraRepositories declared on CassandraRepositoriesRegistrar.EnableCassandraRepositoriesConfiguration: Could not create query for public abstract java.util.Optional com.example.goldenhosewarehouse.dal.repository.DataRepository.findByAssetIdAndDataSourceIdAndBusinessDatelast(java.lang.String,java.lang.String,java.time.LocalDate); Reason: No property 'businessDatelast' found for type 'DataEntity'
2026-06-06 19:58:41,015 INFO  [restartedMain] o.a.j.l.DirectJDKLog: Stopping service [Tomcat]
2026-06-06 19:58:41,031 INFO  [restartedMain] o.s.b.a.l.ConditionEvaluationReportLogger: 

Error starting ApplicationContext. To display the condition evaluation report re-run your application with 'debug' enabled.
2026-06-06 19:58:41,053 ERROR [restartedMain] o.s.b.SpringApplication: Application run failed
org.springframework.beans.factory.UnsatisfiedDependencyException: Error creating bean with name 'dataController' defined in file [E:\Data Journey\Subjects\Data Warehous\project\code\goldenhosewarehouse\goldenhosewarehouse\target\classes\com\example\goldenhosewarehouse\api\web\DataController.class]: Unsatisfied dependency expressed through constructor parameter 0: Error creating bean with name 'dataServiceImpl' defined in file [E:\Data Journey\Subjects\Data Warehous\project\code\goldenhosewarehouse\goldenhosewarehouse\target\classes\com\example\goldenhosewarehouse\dal\service\impl\DataServiceImpl.class]: Unsatisfied dependency expressed through constructor parameter 0: Error creating bean with name 'dataRepository' defined in com.example.goldenhosewarehouse.dal.repository.DataRepository defined in @EnableCassandraRepositories declared on CassandraRepositoriesRegistrar.EnableCassandraRepositoriesConfiguration: Could not create query for public abstract java.util.Optional com.example.goldenhosewarehouse.dal.repository.DataRepository.findByAssetIdAndDataSourceIdAndBusinessDatelast(java.lang.String,java.lang.String,java.time.LocalDate); Reason: No property 'businessDatelast' found for type 'DataEntity'
	at org.springframework.beans.factory.support.ConstructorResolver.createArgumentArray(ConstructorResolver.java:795)
	at org.springframework.beans.factory.support.ConstructorResolver.autowireConstructor(ConstructorResolver.java:237)
	at org.springframework.beans.factory.support.AbstractAutowireCapableBeanFactory.autowireConstructor(AbstractAutowireCapableBeanFactory.java:1375)
	at org.springframework.beans.factory.support.AbstractAutowireCapableBeanFactory.createBeanInstance(AbstractAutowireCapableBeanFactory.java:1212)
	at org.springframework.beans.factory.support.AbstractAutowireCapableBeanFactory.doCreateBean(AbstractAutowireCapableBeanFactory.java:562)
	at org.springframework.beans.factory.support.AbstractAutowireCapableBeanFactory.createBean(AbstractAutowireCapableBeanFactory.java:522)
	at org.springframework.beans.factory.support.AbstractBeanFactory.lambda$doGetBean$0(AbstractBeanFactory.java:337)
	at org.springframework.beans.factory.support.DefaultSingletonBeanRegistry.getSingleton(DefaultSingletonBeanRegistry.java:234)
	at org.springframework.beans.factory.support.AbstractBeanFactory.doGetBean(AbstractBeanFactory.java:335)
	at org.springframework.beans.factory.support.AbstractBeanFactory.getBean(AbstractBeanFactory.java:200)
	at org.springframework.beans.factory.support.DefaultListableBeanFactory.preInstantiateSingletons(DefaultListableBeanFactory.java:975)
	at org.springframework.context.support.AbstractApplicationContext.finishBeanFactoryInitialization(AbstractApplicationContext.java:971)
	at org.springframework.context.support.AbstractApplicationContext.refresh(AbstractApplicationContext.java:625)
	at org.springframework.boot.web.servlet.context.ServletWebServerApplicationContext.refresh(ServletWebServerApplicationContext.java:146)
	at org.springframework.boot.SpringApplication.refresh(SpringApplication.java:754)
	at org.springframework.boot.SpringApplication.refreshContext(SpringApplication.java:456)
	at org.springframework.boot.SpringApplication.run(SpringApplication.java:335)
	at org.springframework.boot.SpringApplication.run(SpringApplication.java:1363)
	at org.springframework.boot.SpringApplication.run(SpringApplication.java:1352)
	at com.example.goldenhosewarehouse.GoldenhosewarehouseApplication.main(GoldenhosewarehouseApplication.java:10)
	at java.base/jdk.internal.reflect.NativeMethodAccessorImpl.invoke0(Native Method)
	at java.base/jdk.internal.reflect.NativeMethodAccessorImpl.invoke(NativeMethodAccessorImpl.java:77)
	at java.base/jdk.internal.reflect.DelegatingMethodAccessorImpl.invoke(DelegatingMethodAccessorImpl.java:43)
	at java.base/java.lang.reflect.Method.invoke(Method.java:568)
	at org.springframework.boot.devtools.restart.RestartLauncher.run(RestartLauncher.java:50)
Caused by: org.springframework.beans.factory.UnsatisfiedDependencyException: Error creating bean with name 'dataServiceImpl' defined in file [E:\Data Journey\Subjects\Data Warehous\project\code\goldenhosewarehouse\goldenhosewarehouse\target\classes\com\example\goldenhosewarehouse\dal\service\impl\DataServiceImpl.class]: Unsatisfied dependency expressed through constructor parameter 0: Error creating bean with name 'dataRepository' defined in com.example.goldenhosewarehouse.dal.repository.DataRepository defined in @EnableCassandraRepositories declared on CassandraRepositoriesRegistrar.EnableCassandraRepositoriesConfiguration: Could not create query for public abstract java.util.Optional com.example.goldenhosewarehouse.dal.repository.DataRepository.findByAssetIdAndDataSourceIdAndBusinessDatelast(java.lang.String,java.lang.String,java.time.LocalDate); Reason: No property 'businessDatelast' found for type 'DataEntity'
	at org.springframework.beans.factory.support.ConstructorResolver.createArgumentArray(ConstructorResolver.java:795)
	at org.springframework.beans.factory.support.ConstructorResolver.autowireConstructor(ConstructorResolver.java:237)
	at org.springframework.beans.factory.support.AbstractAutowireCapableBeanFactory.autowireConstructor(AbstractAutowireCapableBeanFactory.java:1375)
	at org.springframework.beans.factory.support.AbstractAutowireCapableBeanFactory.createBeanInstance(AbstractAutowireCapableBeanFactory.java:1212)
	at org.springframework.beans.factory.support.AbstractAutowireCapableBeanFactory.doCreateBean(AbstractAutowireCapableBeanFactory.java:562)
	at org.springframework.beans.factory.support.AbstractAutowireCapableBeanFactory.createBean(AbstractAutowireCapableBeanFactory.java:522)
	at org.springframework.beans.factory.support.AbstractBeanFactory.lambda$doGetBean$0(AbstractBeanFactory.java:337)
	at org.springframework.beans.factory.support.DefaultSingletonBeanRegistry.getSingleton(DefaultSingletonBeanRegistry.java:234)
	at org.springframework.beans.factory.support.AbstractBeanFactory.doGetBean(AbstractBeanFactory.java:335)
	at org.springframework.beans.factory.support.AbstractBeanFactory.getBean(AbstractBeanFactory.java:200)
	at org.springframework.beans.factory.config.DependencyDescriptor.resolveCandidate(DependencyDescriptor.java:254)
	at org.springframework.beans.factory.support.DefaultListableBeanFactory.doResolveDependency(DefaultListableBeanFactory.java:1443)
	at org.springframework.beans.factory.support.DefaultListableBeanFactory.resolveDependency(DefaultListableBeanFactory.java:1353)
	at org.springframework.beans.factory.support.ConstructorResolver.resolveAutowiredArgument(ConstructorResolver.java:904)
	at org.springframework.beans.factory.support.ConstructorResolver.createArgumentArray(ConstructorResolver.java:782)
	... 24 common frames omitted
Caused by: org.springframework.beans.factory.BeanCreationException: Error creating bean with name 'dataRepository' defined in com.example.goldenhosewarehouse.dal.repository.DataRepository defined in @EnableCassandraRepositories declared on CassandraRepositoriesRegistrar.EnableCassandraRepositoriesConfiguration: Could not create query for public abstract java.util.Optional com.example.goldenhosewarehouse.dal.repository.DataRepository.findByAssetIdAndDataSourceIdAndBusinessDatelast(java.lang.String,java.lang.String,java.time.LocalDate); Reason: No property 'businessDatelast' found for type 'DataEntity'
	at org.springframework.beans.factory.support.AbstractAutowireCapableBeanFactory.initializeBean(AbstractAutowireCapableBeanFactory.java:1806)
	at org.springframework.beans.factory.support.AbstractAutowireCapableBeanFactory.doCreateBean(AbstractAutowireCapableBeanFactory.java:600)
	at org.springframework.beans.factory.support.AbstractAutowireCapableBeanFactory.createBean(AbstractAutowireCapableBeanFactory.java:522)
	at org.springframework.beans.factory.support.AbstractBeanFactory.lambda$doGetBean$0(AbstractBeanFactory.java:337)
	at org.springframework.beans.factory.support.DefaultSingletonBeanRegistry.getSingleton(DefaultSingletonBeanRegistry.java:234)
	at org.springframework.beans.factory.support.AbstractBeanFactory.doGetBean(AbstractBeanFactory.java:335)
	at org.springframework.beans.factory.support.AbstractBeanFactory.getBean(AbstractBeanFactory.java:200)
	at org.springframework.beans.factory.config.DependencyDescriptor.resolveCandidate(DependencyDescriptor.java:254)
	at org.springframework.beans.factory.support.DefaultListableBeanFactory.doResolveDependency(DefaultListableBeanFactory.java:1443)
	at org.springframework.beans.factory.support.DefaultListableBeanFactory.resolveDependency(DefaultListableBeanFactory.java:1353)
	at org.springframework.beans.factory.support.ConstructorResolver.resolveAutowiredArgument(ConstructorResolver.java:904)
	at org.springframework.beans.factory.support.ConstructorResolver.createArgumentArray(ConstructorResolver.java:782)
	... 38 common frames omitted
Caused by: org.springframework.data.repository.query.QueryCreationException: Could not create query for public abstract java.util.Optional com.example.goldenhosewarehouse.dal.repository.DataRepository.findByAssetIdAndDataSourceIdAndBusinessDatelast(java.lang.String,java.lang.String,java.time.LocalDate); Reason: No property 'businessDatelast' found for type 'DataEntity'
	at org.springframework.data.repository.query.QueryCreationException.create(QueryCreationException.java:101)
	at org.springframework.data.repository.core.support.QueryExecutorMethodInterceptor.lookupQuery(QueryExecutorMethodInterceptor.java:119)
	at org.springframework.data.repository.core.support.QueryExecutorMethodInterceptor.mapMethodsToQuery(QueryExecutorMethodInterceptor.java:103)
	at org.springframework.data.repository.core.support.QueryExecutorMethodInterceptor.lambda$new$0(QueryExecutorMethodInterceptor.java:92)
	at java.base/java.util.Optional.map(Optional.java:260)
	at org.springframework.data.repository.core.support.QueryExecutorMethodInterceptor.<init>(QueryExecutorMethodInterceptor.java:92)
	at org.springframework.data.repository.core.support.RepositoryFactorySupport.getRepository(RepositoryFactorySupport.java:357)
	at org.springframework.data.repository.core.support.RepositoryFactoryBeanSupport.lambda$afterPropertiesSet$5(RepositoryFactoryBeanSupport.java:286)
	at org.springframework.data.util.Lazy.getNullable(Lazy.java:135)
	at org.springframework.data.util.Lazy.get(Lazy.java:113)
	at org.springframework.data.repository.core.support.RepositoryFactoryBeanSupport.afterPropertiesSet(RepositoryFactoryBeanSupport.java:292)
	at org.springframework.data.cassandra.repository.support.CassandraRepositoryFactoryBean.afterPropertiesSet(CassandraRepositoryFactoryBean.java:72)
	at org.springframework.beans.factory.support.AbstractAutowireCapableBeanFactory.invokeInitMethods(AbstractAutowireCapableBeanFactory.java:1853)
	at org.springframework.beans.factory.support.AbstractAutowireCapableBeanFactory.initializeBean(AbstractAutowireCapableBeanFactory.java:1802)
	... 49 common frames omitted
Caused by: org.springframework.data.mapping.PropertyReferenceException: No property 'businessDatelast' found for type 'DataEntity'
	at org.springframework.data.mapping.PropertyPath.<init>(PropertyPath.java:94)
	at org.springframework.data.mapping.PropertyPath.create(PropertyPath.java:455)
	at org.springframework.data.mapping.PropertyPath.create(PropertyPath.java:431)
	at org.springframework.data.mapping.PropertyPath.lambda$from$0(PropertyPath.java:384)
	at java.base/java.util.concurrent.ConcurrentMap.computeIfAbsent(ConcurrentMap.java:330)
	at org.springframework.data.mapping.PropertyPath.from(PropertyPath.java:366)
	at org.springframework.data.mapping.PropertyPath.from(PropertyPath.java:344)
	at org.springframework.data.repository.query.parser.Part.<init>(Part.java:81)
	at org.springframework.data.repository.query.parser.PartTree$OrPart.lambda$new$0(PartTree.java:259)
	at java.base/java.util.stream.ReferencePipeline$3$1.accept(ReferencePipeline.java:197)
	at java.base/java.util.stream.ReferencePipeline$2$1.accept(ReferencePipeline.java:179)
	at java.base/java.util.Spliterators$ArraySpliterator.forEachRemaining(Spliterators.java:992)
	at java.base/java.util.stream.AbstractPipeline.copyInto(AbstractPipeline.java:509)
	at java.base/java.util.stream.AbstractPipeline.wrapAndCopyInto(AbstractPipeline.java:499)
	at java.base/java.util.stream.ReduceOps$ReduceOp.evaluateSequential(ReduceOps.java:921)
	at java.base/java.util.stream.AbstractPipeline.evaluate(AbstractPipeline.java:234)
	at java.base/java.util.stream.ReferencePipeline.collect(ReferencePipeline.java:682)
	at org.springframework.data.repository.query.parser.PartTree$OrPart.<init>(PartTree.java:260)
	at org.springframework.data.repository.query.parser.PartTree$Predicate.lambda$new$0(PartTree.java:389)
	at java.base/java.util.stream.ReferencePipeline$3$1.accept(ReferencePipeline.java:197)
	at java.base/java.util.stream.ReferencePipeline$2$1.accept(ReferencePipeline.java:179)
	at java.base/java.util.Spliterators$ArraySpliterator.forEachRemaining(Spliterators.java:992)
	at java.base/java.util.stream.AbstractPipeline.copyInto(AbstractPipeline.java:509)
	at java.base/java.util.stream.AbstractPipeline.wrapAndCopyInto(AbstractPipeline.java:499)
	at java.base/java.util.stream.ReduceOps$ReduceOp.evaluateSequential(ReduceOps.java:921)
	at java.base/java.util.stream.AbstractPipeline.evaluate(AbstractPipeline.java:234)
	at java.base/java.util.stream.ReferencePipeline.collect(ReferencePipeline.java:682)
	at org.springframework.data.repository.query.parser.PartTree$Predicate.<init>(PartTree.java:390)
	at org.springframework.data.repository.query.parser.PartTree.<init>(PartTree.java:103)
	at org.springframework.data.cassandra.repository.query.PartTreeCassandraQuery.<init>(PartTreeCassandraQuery.java:57)
	at org.springframework.data.cassandra.repository.support.CassandraRepositoryFactory$CassandraQueryLookupStrategy.resolveQuery(CassandraRepositoryFactory.java:142)
	at org.springframework.data.repository.core.support.QueryExecutorMethodInterceptor.lookupQuery(QueryExecutorMethodInterceptor.java:115)
	... 61 common frames omitted
2026-06-06 20:00:36,180 INFO  [restartedMain] o.s.b.StartupInfoLogger: Starting GoldenhosewarehouseApplication using Java 17.0.17 with PID 31968 (E:\Data Journey\Subjects\Data Warehous\project\code\goldenhosewarehouse\goldenhosewarehouse\target\classes started by thbea in E:\Data Journey\Subjects\Data Warehous\project\code\goldenhosewarehouse\goldenhosewarehouse)
2026-06-06 20:00:36,185 INFO  [restartedMain] o.s.b.SpringApplication: No active profile set, falling back to 1 default profile: "default"
2026-06-06 20:00:36,243 INFO  [restartedMain] o.s.b.l.DeferredLog: Devtools property defaults active! Set 'spring.devtools.add-properties' to 'false' to disable
2026-06-06 20:00:36,243 INFO  [restartedMain] o.s.b.l.DeferredLog: For additional web related logging consider setting the 'logging.level.web' property to 'DEBUG'
2026-06-06 20:00:36,907 INFO  [restartedMain] o.s.d.r.c.RepositoryConfigurationDelegate: Bootstrapping Spring Data Reactive Cassandra repositories in DEFAULT mode.
2026-06-06 20:00:36,938 INFO  [restartedMain] o.s.d.r.c.RepositoryConfigurationDelegate: Finished Spring Data repository scanning in 27 ms. Found 0 Reactive Cassandra repository interfaces.
2026-06-06 20:00:36,943 INFO  [restartedMain] o.s.d.r.c.RepositoryConfigurationDelegate: Bootstrapping Spring Data Cassandra repositories in DEFAULT mode.
2026-06-06 20:00:36,960 INFO  [restartedMain] o.s.d.r.c.RepositoryConfigurationDelegate: Finished Spring Data repository scanning in 17 ms. Found 1 Cassandra repository interface.
2026-06-06 20:00:37,360 INFO  [restartedMain] o.s.b.w.e.t.TomcatWebServer: Tomcat initialized with port 8080 (http)
2026-06-06 20:00:37,367 INFO  [restartedMain] o.a.j.l.DirectJDKLog: Initializing ProtocolHandler ["http-nio-8080"]
2026-06-06 20:00:37,370 INFO  [restartedMain] o.a.j.l.DirectJDKLog: Starting service [Tomcat]
2026-06-06 20:00:37,370 INFO  [restartedMain] o.a.j.l.DirectJDKLog: Starting Servlet engine: [Apache Tomcat/10.1.30]
2026-06-06 20:00:37,411 INFO  [restartedMain] o.a.j.l.DirectJDKLog: Initializing Spring embedded WebApplicationContext
2026-06-06 20:00:37,411 INFO  [restartedMain] o.s.b.w.s.c.ServletWebServerApplicationContext: Root WebApplicationContext: initialization completed in 1167 ms
2026-06-06 20:00:37,479 INFO  [restartedMain] c.d.o.d.i.c.DefaultMavenCoordinates: Apache Cassandra Java Driver (org.apache.cassandra:java-driver-core) version 4.18.1
2026-06-06 20:00:37,698 INFO  [restartedMain] o.s.b.d.a.OptionalLiveReloadServer: LiveReload server is running on port 35729
2026-06-06 20:00:37,959 INFO  [restartedMain] c.d.o.d.i.c.c.CqlPrepareAsyncProcessor: Adding handler to invalidate cached prepared statements on type changes
2026-06-06 20:00:38,139 INFO  [s0-admin-0] c.d.o.d.i.c.t.Clock: Using native clock for microsecond precision
2026-06-06 20:00:38,862 WARN  [restartedMain] o.s.b.a.s.s.UserDetailsServiceAutoConfiguration: 

Using generated security password: f6f5287a-1cae-45f2-a182-f7b7b83dc28b

This generated password is for development use only. Your security configuration must be updated before running your application in production.

2026-06-06 20:00:38,878 INFO  [restartedMain] o.s.s.c.a.a.c.InitializeUserDetailsBeanManagerConfigurer$InitializeUserDetailsManagerConfigurer: Global AuthenticationManager configured with UserDetailsService bean with name inMemoryUserDetailsManager
2026-06-06 20:00:39,232 INFO  [restartedMain] o.a.j.l.DirectJDKLog: Starting ProtocolHandler ["http-nio-8080"]
2026-06-06 20:00:39,241 INFO  [restartedMain] o.s.b.w.e.t.TomcatWebServer: Tomcat started on port 8080 (http) with context path '/'
2026-06-06 20:00:39,248 INFO  [restartedMain] o.s.b.StartupInfoLogger: Started GoldenhosewarehouseApplication in 3.541 seconds (process running for 4.296)
2026-06-06 20:11:17,826 INFO  [restartedMain] o.s.b.StartupInfoLogger: Starting GoldenhosewarehouseApplication using Java 17.0.17 with PID 12708 (E:\Data Journey\Subjects\Data Warehous\project\code\goldenhosewarehouse\goldenhosewarehouse\target\classes started by thbea in E:\Data Journey\Subjects\Data Warehous\project\code\goldenhosewarehouse\goldenhosewarehouse)
2026-06-06 20:11:17,829 INFO  [restartedMain] o.s.b.SpringApplication: No active profile set, falling back to 1 default profile: "default"
2026-06-06 20:11:17,873 INFO  [restartedMain] o.s.b.l.DeferredLog: Devtools property defaults active! Set 'spring.devtools.add-properties' to 'false' to disable
2026-06-06 20:11:17,873 INFO  [restartedMain] o.s.b.l.DeferredLog: For additional web related logging consider setting the 'logging.level.web' property to 'DEBUG'
2026-06-06 20:11:18,821 INFO  [restartedMain] o.s.d.r.c.RepositoryConfigurationDelegate: Bootstrapping Spring Data Reactive Cassandra repositories in DEFAULT mode.
2026-06-06 20:11:18,854 INFO  [restartedMain] o.s.d.r.c.RepositoryConfigurationDelegate: Finished Spring Data repository scanning in 28 ms. Found 0 Reactive Cassandra repository interfaces.
2026-06-06 20:11:18,859 INFO  [restartedMain] o.s.d.r.c.RepositoryConfigurationDelegate: Bootstrapping Spring Data Cassandra repositories in DEFAULT mode.
2026-06-06 20:11:18,882 INFO  [restartedMain] o.s.d.r.c.RepositoryConfigurationDelegate: Finished Spring Data repository scanning in 23 ms. Found 1 Cassandra repository interface.
2026-06-06 20:11:19,389 INFO  [restartedMain] o.s.b.w.e.t.TomcatWebServer: Tomcat initialized with port 8080 (http)
2026-06-06 20:11:19,406 INFO  [restartedMain] o.a.j.l.DirectJDKLog: Initializing ProtocolHandler ["http-nio-8080"]
2026-06-06 20:11:19,410 INFO  [restartedMain] o.a.j.l.DirectJDKLog: Starting service [Tomcat]
2026-06-06 20:11:19,412 INFO  [restartedMain] o.a.j.l.DirectJDKLog: Starting Servlet engine: [Apache Tomcat/10.1.30]
2026-06-06 20:11:19,492 INFO  [restartedMain] o.a.j.l.DirectJDKLog: Initializing Spring embedded WebApplicationContext
2026-06-06 20:11:19,493 INFO  [restartedMain] o.s.b.w.s.c.ServletWebServerApplicationContext: Root WebApplicationContext: initialization completed in 1619 ms
2026-06-06 20:11:19,604 INFO  [restartedMain] c.d.o.d.i.c.DefaultMavenCoordinates: Apache Cassandra Java Driver (org.apache.cassandra:java-driver-core) version 4.18.1
2026-06-06 20:11:19,907 INFO  [restartedMain] o.s.b.d.a.OptionalLiveReloadServer: LiveReload server is running on port 35729
2026-06-06 20:11:20,945 INFO  [restartedMain] c.d.o.d.i.c.c.CqlPrepareAsyncProcessor: Adding handler to invalidate cached prepared statements on type changes
2026-06-06 20:11:21,467 INFO  [s0-admin-0] c.d.o.d.i.c.t.Clock: Using native clock for microsecond precision
2026-06-06 20:11:22,788 WARN  [restartedMain] o.s.b.a.s.s.UserDetailsServiceAutoConfiguration: 

Using generated security password: 88179db9-0677-4585-89ac-74397c8db23f

This generated password is for development use only. Your security configuration must be updated before running your application in production.

2026-06-06 20:11:22,828 INFO  [restartedMain] o.s.s.c.a.a.c.InitializeUserDetailsBeanManagerConfigurer$InitializeUserDetailsManagerConfigurer: Global AuthenticationManager configured with UserDetailsService bean with name inMemoryUserDetailsManager
2026-06-06 20:11:26,354 INFO  [restartedMain] o.a.j.l.DirectJDKLog: Starting ProtocolHandler ["http-nio-8080"]
2026-06-06 20:11:26,402 INFO  [restartedMain] o.s.b.w.e.t.TomcatWebServer: Tomcat started on port 8080 (http) with context path '/'
2026-06-06 20:11:26,415 INFO  [restartedMain] o.s.b.StartupInfoLogger: Started GoldenhosewarehouseApplication in 9.104 seconds (process running for 9.994)
2026-06-06 20:12:09,741 INFO  [restartedMain] o.s.b.StartupInfoLogger: Starting GoldenhosewarehouseApplication using Java 17.0.17 with PID 40984 (E:\Data Journey\Subjects\Data Warehous\project\code\goldenhosewarehouse\goldenhosewarehouse\target\classes started by thbea in E:\Data Journey\Subjects\Data Warehous\project\code\goldenhosewarehouse\goldenhosewarehouse)
2026-06-06 20:12:09,744 INFO  [restartedMain] o.s.b.SpringApplication: No active profile set, falling back to 1 default profile: "default"
2026-06-06 20:12:09,792 INFO  [restartedMain] o.s.b.l.DeferredLog: Devtools property defaults active! Set 'spring.devtools.add-properties' to 'false' to disable
2026-06-06 20:12:09,793 INFO  [restartedMain] o.s.b.l.DeferredLog: For additional web related logging consider setting the 'logging.level.web' property to 'DEBUG'
2026-06-06 20:12:10,492 INFO  [restartedMain] o.s.d.r.c.RepositoryConfigurationDelegate: Bootstrapping Spring Data Reactive Cassandra repositories in DEFAULT mode.
2026-06-06 20:12:10,520 INFO  [restartedMain] o.s.d.r.c.RepositoryConfigurationDelegate: Finished Spring Data repository scanning in 24 ms. Found 0 Reactive Cassandra repository interfaces.
2026-06-06 20:12:10,525 INFO  [restartedMain] o.s.d.r.c.RepositoryConfigurationDelegate: Bootstrapping Spring Data Cassandra repositories in DEFAULT mode.
2026-06-06 20:12:10,545 INFO  [restartedMain] o.s.d.r.c.RepositoryConfigurationDelegate: Finished Spring Data repository scanning in 19 ms. Found 1 Cassandra repository interface.
2026-06-06 20:12:10,899 INFO  [restartedMain] o.s.b.w.e.t.TomcatWebServer: Tomcat initialized with port 8080 (http)
2026-06-06 20:12:10,906 INFO  [restartedMain] o.a.j.l.DirectJDKLog: Initializing ProtocolHandler ["http-nio-8080"]
2026-06-06 20:12:10,908 INFO  [restartedMain] o.a.j.l.DirectJDKLog: Starting service [Tomcat]
2026-06-06 20:12:10,909 INFO  [restartedMain] o.a.j.l.DirectJDKLog: Starting Servlet engine: [Apache Tomcat/10.1.30]
2026-06-06 20:12:10,950 INFO  [restartedMain] o.a.j.l.DirectJDKLog: Initializing Spring embedded WebApplicationContext
2026-06-06 20:12:10,951 INFO  [restartedMain] o.s.b.w.s.c.ServletWebServerApplicationContext: Root WebApplicationContext: initialization completed in 1156 ms
2026-06-06 20:12:11,010 INFO  [restartedMain] c.d.o.d.i.c.DefaultMavenCoordinates: Apache Cassandra Java Driver (org.apache.cassandra:java-driver-core) version 4.18.1
2026-06-06 20:12:11,220 INFO  [restartedMain] o.s.b.d.a.OptionalLiveReloadServer: LiveReload server is running on port 35729
2026-06-06 20:12:11,523 INFO  [restartedMain] c.d.o.d.i.c.c.CqlPrepareAsyncProcessor: Adding handler to invalidate cached prepared statements on type changes
2026-06-06 20:12:11,705 INFO  [s0-admin-0] c.d.o.d.i.c.t.Clock: Using native clock for microsecond precision
2026-06-06 20:12:12,473 WARN  [restartedMain] o.s.b.a.s.s.UserDetailsServiceAutoConfiguration: 

Using generated security password: ce2925d7-89c1-4485-bad9-19d9871c4a16

This generated password is for development use only. Your security configuration must be updated before running your application in production.

2026-06-06 20:12:12,500 INFO  [restartedMain] o.s.s.c.a.a.c.InitializeUserDetailsBeanManagerConfigurer$InitializeUserDetailsManagerConfigurer: Global AuthenticationManager configured with UserDetailsService bean with name inMemoryUserDetailsManager
2026-06-06 20:12:12,901 INFO  [restartedMain] o.a.j.l.DirectJDKLog: Starting ProtocolHandler ["http-nio-8080"]
2026-06-06 20:12:12,914 INFO  [restartedMain] o.s.b.w.e.t.TomcatWebServer: Tomcat started on port 8080 (http) with context path '/'
2026-06-06 20:12:12,923 INFO  [restartedMain] o.s.b.StartupInfoLogger: Started GoldenhosewarehouseApplication in 3.673 seconds (process running for 4.525)
2026-06-06 20:13:46,653 INFO  [http-nio-8080-exec-1] o.a.j.l.DirectJDKLog: Initializing Spring DispatcherServlet 'dispatcherServlet'
2026-06-06 20:13:46,655 INFO  [http-nio-8080-exec-1] o.s.w.s.FrameworkServlet: Initializing Servlet 'dispatcherServlet'
2026-06-06 20:13:46,656 INFO  [http-nio-8080-exec-1] o.s.w.s.FrameworkServlet: Completed initialization in 1 ms
2026-06-06 20:15:12,354 ERROR [http-nio-8080-exec-10] o.a.j.l.DirectJDKLog: Servlet.service() for servlet [dispatcherServlet] in context with path [] threw exception [Request processing failed: org.springframework.data.cassandra.CassandraInvalidQueryException: Query; CQL [INSERT INTO asset (system_date,name) VALUES (?,?)]; Some partition key parts are missing: id] with root cause
com.datastax.oss.driver.api.core.servererrors.InvalidQueryException: Some partition key parts are missing: id
	at com.datastax.oss.driver.api.core.servererrors.InvalidQueryException.copy(InvalidQueryException.java:50)
	at com.datastax.oss.driver.internal.core.util.concurrent.CompletableFutures.getUninterruptibly(CompletableFutures.java:151)
	at com.datastax.oss.driver.internal.core.cql.CqlPrepareSyncProcessor.process(CqlPrepareSyncProcessor.java:61)
	at com.datastax.oss.driver.internal.core.cql.CqlPrepareSyncProcessor.process(CqlPrepareSyncProcessor.java:33)
	at com.datastax.oss.driver.internal.core.session.DefaultSession.execute(DefaultSession.java:234)
	at com.datastax.oss.driver.api.core.cql.SyncCqlSession.prepare(SyncCqlSession.java:226)
	at java.base/jdk.internal.reflect.NativeMethodAccessorImpl.invoke0(Native Method)
	at java.base/jdk.internal.reflect.NativeMethodAccessorImpl.invoke(NativeMethodAccessorImpl.java:77)
	at java.base/jdk.internal.reflect.DelegatingMethodAccessorImpl.invoke(DelegatingMethodAccessorImpl.java:43)
	at java.base/java.lang.reflect.Method.invoke(Method.java:568)
	at org.springframework.aop.support.AopUtils.invokeJoinpointUsingReflection(AopUtils.java:355)
	at org.springframework.aop.framework.JdkDynamicAopProxy.invoke(JdkDynamicAopProxy.java:216)
	at jdk.proxy3/jdk.proxy3.$Proxy70.prepare(Unknown Source)
	at org.springframework.data.cassandra.core.CassandraTemplate$PreparedStatementHandler.createPreparedStatement(CassandraTemplate.java:999)
	at org.springframework.data.cassandra.core.cql.CqlTemplate.query(CqlTemplate.java:395)
	at org.springframework.data.cassandra.core.CassandraTemplate.doExecute(CassandraTemplate.java:886)
	at org.springframework.data.cassandra.core.CassandraTemplate.doExecute(CassandraTemplate.java:874)
	at org.springframework.data.cassandra.core.CassandraTemplate.executeSave(CassandraTemplate.java:825)
	at org.springframework.data.cassandra.core.CassandraTemplate.executeSave(CassandraTemplate.java:816)
	at org.springframework.data.cassandra.core.CassandraTemplate.doInsert(CassandraTemplate.java:644)
	at org.springframework.data.cassandra.core.CassandraTemplate.doInsert(CassandraTemplate.java:627)
	at org.springframework.data.cassandra.core.CassandraTemplate.insert(CassandraTemplate.java:608)
	at org.springframework.data.cassandra.core.CassandraTemplate.insert(CassandraTemplate.java:599)
	at com.example.goldenhosewarehouse.dal.persistence.AssetRepositoryImpl.save(AssetRepositoryImpl.java:30)
	at java.base/jdk.internal.reflect.NativeMethodAccessorImpl.invoke0(Native Method)
	at java.base/jdk.internal.reflect.NativeMethodAccessorImpl.invoke(NativeMethodAccessorImpl.java:77)
	at java.base/jdk.internal.reflect.DelegatingMethodAccessorImpl.invoke(DelegatingMethodAccessorImpl.java:43)
	at java.base/java.lang.reflect.Method.invoke(Method.java:568)
	at org.springframework.aop.support.AopUtils.invokeJoinpointUsingReflection(AopUtils.java:355)
	at org.springframework.aop.framework.ReflectiveMethodInvocation.invokeJoinpoint(ReflectiveMethodInvocation.java:196)
	at org.springframework.aop.framework.ReflectiveMethodInvocation.proceed(ReflectiveMethodInvocation.java:163)
	at org.springframework.aop.framework.CglibAopProxy$CglibMethodInvocation.proceed(CglibAopProxy.java:768)
	at org.springframework.dao.support.PersistenceExceptionTranslationInterceptor.invoke(PersistenceExceptionTranslationInterceptor.java:138)
	at org.springframework.aop.framework.ReflectiveMethodInvocation.proceed(ReflectiveMethodInvocation.java:184)
	at org.springframework.aop.framework.CglibAopProxy$CglibMethodInvocation.proceed(CglibAopProxy.java:768)
	at org.springframework.aop.framework.CglibAopProxy$DynamicAdvisedInterceptor.intercept(CglibAopProxy.java:720)
	at com.example.goldenhosewarehouse.dal.persistence.AssetRepositoryImpl$$SpringCGLIB$$0.save(<generated>)
	at com.example.goldenhosewarehouse.dal.service.impl.AssetServiceImpl.saveAsset(AssetServiceImpl.java:53)
	at com.example.goldenhosewarehouse.api.web.AssetController.createAsset(AssetController.java:47)
	at java.base/jdk.internal.reflect.NativeMethodAccessorImpl.invoke0(Native Method)
	at java.base/jdk.internal.reflect.NativeMethodAccessorImpl.invoke(NativeMethodAccessorImpl.java:77)
	at java.base/jdk.internal.reflect.DelegatingMethodAccessorImpl.invoke(DelegatingMethodAccessorImpl.java:43)
	at java.base/java.lang.reflect.Method.invoke(Method.java:568)
	at org.springframework.web.method.support.InvocableHandlerMethod.doInvoke(InvocableHandlerMethod.java:255)
	at org.springframework.web.method.support.InvocableHandlerMethod.invokeForRequest(InvocableHandlerMethod.java:188)
	at org.springframework.web.servlet.mvc.method.annotation.ServletInvocableHandlerMethod.invokeAndHandle(ServletInvocableHandlerMethod.java:118)
	at org.springframework.web.servlet.mvc.method.annotation.RequestMappingHandlerAdapter.invokeHandlerMethod(RequestMappingHandlerAdapter.java:926)
	at org.springframework.web.servlet.mvc.method.annotation.RequestMappingHandlerAdapter.handleInternal(RequestMappingHandlerAdapter.java:831)
	at org.springframework.web.servlet.mvc.method.AbstractHandlerMethodAdapter.handle(AbstractHandlerMethodAdapter.java:87)
	at org.springframework.web.servlet.DispatcherServlet.doDispatch(DispatcherServlet.java:1089)
	at org.springframework.web.servlet.DispatcherServlet.doService(DispatcherServlet.java:979)
	at org.springframework.web.servlet.FrameworkServlet.processRequest(FrameworkServlet.java:1014)
	at org.springframework.web.servlet.FrameworkServlet.doPost(FrameworkServlet.java:914)
	at jakarta.servlet.http.HttpServlet.service(HttpServlet.java:590)
	at org.springframework.web.servlet.FrameworkServlet.service(FrameworkServlet.java:885)
	at jakarta.servlet.http.HttpServlet.service(HttpServlet.java:658)
	at org.apache.catalina.core.ApplicationFilterChain.internalDoFilter(ApplicationFilterChain.java:195)
	at org.apache.catalina.core.ApplicationFilterChain.doFilter(ApplicationFilterChain.java:140)
	at org.apache.tomcat.websocket.server.WsFilter.doFilter(WsFilter.java:51)
	at org.apache.catalina.core.ApplicationFilterChain.internalDoFilter(ApplicationFilterChain.java:164)
	at org.apache.catalina.core.ApplicationFilterChain.doFilter(ApplicationFilterChain.java:140)
	at org.springframework.web.filter.CompositeFilter$VirtualFilterChain.doFilter(CompositeFilter.java:108)
	at org.springframework.security.web.FilterChainProxy.lambda$doFilterInternal$3(FilterChainProxy.java:231)
	at org.springframework.security.web.FilterChainProxy$VirtualFilterChain.doFilter(FilterChainProxy.java:365)
	at org.springframework.security.web.access.intercept.AuthorizationFilter.doFilter(AuthorizationFilter.java:100)
	at org.springframework.security.web.FilterChainProxy$VirtualFilterChain.doFilter(FilterChainProxy.java:374)
	at org.springframework.security.web.access.ExceptionTranslationFilter.doFilter(ExceptionTranslationFilter.java:126)
	at org.springframework.security.web.access.ExceptionTranslationFilter.doFilter(ExceptionTranslationFilter.java:120)
	at org.springframework.security.web.FilterChainProxy$VirtualFilterChain.doFilter(FilterChainProxy.java:374)
	at org.springframework.security.web.authentication.AnonymousAuthenticationFilter.doFilter(AnonymousAuthenticationFilter.java:100)
	at org.springframework.security.web.FilterChainProxy$VirtualFilterChain.doFilter(FilterChainProxy.java:374)
	at org.springframework.security.web.servletapi.SecurityContextHolderAwareRequestFilter.doFilter(SecurityContextHolderAwareRequestFilter.java:179)
	at org.springframework.security.web.FilterChainProxy$VirtualFilterChain.doFilter(FilterChainProxy.java:374)
	at org.springframework.security.web.savedrequest.RequestCacheAwareFilter.doFilter(RequestCacheAwareFilter.java:63)
	at org.springframework.security.web.FilterChainProxy$VirtualFilterChain.doFilter(FilterChainProxy.java:374)
	at org.springframework.security.web.authentication.logout.LogoutFilter.doFilter(LogoutFilter.java:107)
	at org.springframework.security.web.authentication.logout.LogoutFilter.doFilter(LogoutFilter.java:93)
	at org.springframework.security.web.FilterChainProxy$VirtualFilterChain.doFilter(FilterChainProxy.java:374)
	at org.springframework.security.web.header.HeaderWriterFilter.doHeadersAfter(HeaderWriterFilter.java:90)
	at org.springframework.security.web.header.HeaderWriterFilter.doFilterInternal(HeaderWriterFilter.java:75)
	at org.springframework.web.filter.OncePerRequestFilter.doFilter(OncePerRequestFilter.java:116)
	at org.springframework.security.web.FilterChainProxy$VirtualFilterChain.doFilter(FilterChainProxy.java:374)
	at org.springframework.security.web.context.SecurityContextHolderFilter.doFilter(SecurityContextHolderFilter.java:82)
	at org.springframework.security.web.context.SecurityContextHolderFilter.doFilter(SecurityContextHolderFilter.java:69)
	at org.springframework.security.web.FilterChainProxy$VirtualFilterChain.doFilter(FilterChainProxy.java:374)
	at org.springframework.security.web.context.request.async.WebAsyncManagerIntegrationFilter.doFilterInternal(WebAsyncManagerIntegrationFilter.java:62)
	at org.springframework.web.filter.OncePerRequestFilter.doFilter(OncePerRequestFilter.java:116)
	at org.springframework.security.web.FilterChainProxy$VirtualFilterChain.doFilter(FilterChainProxy.java:374)
	at org.springframework.security.web.session.DisableEncodeUrlFilter.doFilterInternal(DisableEncodeUrlFilter.java:42)
	at org.springframework.web.filter.OncePerRequestFilter.doFilter(OncePerRequestFilter.java:116)
	at org.springframework.security.web.FilterChainProxy$VirtualFilterChain.doFilter(FilterChainProxy.java:374)
	at org.springframework.security.web.FilterChainProxy.doFilterInternal(FilterChainProxy.java:233)
	at org.springframework.security.web.FilterChainProxy.doFilter(FilterChainProxy.java:191)
	at org.springframework.web.filter.CompositeFilter$VirtualFilterChain.doFilter(CompositeFilter.java:113)
	at org.springframework.web.servlet.handler.HandlerMappingIntrospector.lambda$createCacheFilter$3(HandlerMappingIntrospector.java:195)
	at org.springframework.web.filter.CompositeFilter$VirtualFilterChain.doFilter(CompositeFilter.java:113)
	at org.springframework.web.filter.CompositeFilter.doFilter(CompositeFilter.java:74)
	at org.springframework.security.config.annotation.web.configuration.WebMvcSecurityConfiguration$CompositeFilterChainProxy.doFilter(WebMvcSecurityConfiguration.java:230)
	at org.springframework.web.filter.DelegatingFilterProxy.invokeDelegate(DelegatingFilterProxy.java:352)
	at org.springframework.web.filter.DelegatingFilterProxy.doFilter(DelegatingFilterProxy.java:268)
	at org.apache.catalina.core.ApplicationFilterChain.internalDoFilter(ApplicationFilterChain.java:164)
	at org.apache.catalina.core.ApplicationFilterChain.doFilter(ApplicationFilterChain.java:140)
	at org.springframework.web.filter.RequestContextFilter.doFilterInternal(RequestContextFilter.java:100)
	at org.springframework.web.filter.OncePerRequestFilter.doFilter(OncePerRequestFilter.java:116)
	at org.apache.catalina.core.ApplicationFilterChain.internalDoFilter(ApplicationFilterChain.java:164)
	at org.apache.catalina.core.ApplicationFilterChain.doFilter(ApplicationFilterChain.java:140)
	at org.springframework.web.filter.FormContentFilter.doFilterInternal(FormContentFilter.java:93)
	at org.springframework.web.filter.OncePerRequestFilter.doFilter(OncePerRequestFilter.java:116)
	at org.apache.catalina.core.ApplicationFilterChain.internalDoFilter(ApplicationFilterChain.java:164)
	at org.apache.catalina.core.ApplicationFilterChain.doFilter(ApplicationFilterChain.java:140)
	at org.springframework.web.filter.CharacterEncodingFilter.doFilterInternal(CharacterEncodingFilter.java:201)
	at org.springframework.web.filter.OncePerRequestFilter.doFilter(OncePerRequestFilter.java:116)
	at org.apache.catalina.core.ApplicationFilterChain.internalDoFilter(ApplicationFilterChain.java:164)
	at org.apache.catalina.core.ApplicationFilterChain.doFilter(ApplicationFilterChain.java:140)
	at org.apache.catalina.core.StandardWrapperValve.invoke(StandardWrapperValve.java:167)
	at org.apache.catalina.core.StandardContextValve.invoke(StandardContextValve.java:90)
	at org.apache.catalina.authenticator.AuthenticatorBase.invoke(AuthenticatorBase.java:483)
	at org.apache.catalina.core.StandardHostValve.invoke(StandardHostValve.java:115)
	at org.apache.catalina.valves.ErrorReportValve.invoke(ErrorReportValve.java:93)
	at org.apache.catalina.core.StandardEngineValve.invoke(StandardEngineValve.java:74)
	at org.apache.catalina.connector.CoyoteAdapter.service(CoyoteAdapter.java:344)
	at org.apache.coyote.http11.Http11Processor.service(Http11Processor.java:384)
	at org.apache.coyote.AbstractProcessorLight.process(AbstractProcessorLight.java:63)
	at org.apache.coyote.AbstractProtocol$ConnectionHandler.process(AbstractProtocol.java:905)
	at org.apache.tomcat.util.net.NioEndpoint$SocketProcessor.doRun(NioEndpoint.java:1741)
	at org.apache.tomcat.util.net.SocketProcessorBase.run(SocketProcessorBase.java:52)
	at org.apache.tomcat.util.threads.ThreadPoolExecutor.runWorker(ThreadPoolExecutor.java:1190)
	at org.apache.tomcat.util.threads.ThreadPoolExecutor$Worker.run(ThreadPoolExecutor.java:659)
	at org.apache.tomcat.util.threads.TaskThread$WrappingRunnable.run(TaskThread.java:63)
	at java.base/java.lang.Thread.run(Thread.java:842)
2026-06-06 20:21:46,794 INFO  [restartedMain] o.s.b.StartupInfoLogger: Starting GoldenhosewarehouseApplication using Java 17.0.17 with PID 57452 (E:\Data Journey\Subjects\Data Warehous\project\code\goldenhosewarehouse\goldenhosewarehouse\target\classes started by thbea in E:\Data Journey\Subjects\Data Warehous\project\code\goldenhosewarehouse\goldenhosewarehouse)
2026-06-06 20:21:46,798 INFO  [restartedMain] o.s.b.SpringApplication: No active profile set, falling back to 1 default profile: "default"
2026-06-06 20:21:46,852 INFO  [restartedMain] o.s.b.l.DeferredLog: Devtools property defaults active! Set 'spring.devtools.add-properties' to 'false' to disable
2026-06-06 20:21:46,853 INFO  [restartedMain] o.s.b.l.DeferredLog: For additional web related logging consider setting the 'logging.level.web' property to 'DEBUG'
2026-06-06 20:21:47,517 INFO  [restartedMain] o.s.d.r.c.RepositoryConfigurationDelegate: Bootstrapping Spring Data Reactive Cassandra repositories in DEFAULT mode.
2026-06-06 20:21:47,550 INFO  [restartedMain] o.s.d.r.c.RepositoryConfigurationDelegate: Finished Spring Data repository scanning in 28 ms. Found 0 Reactive Cassandra repository interfaces.
2026-06-06 20:21:47,555 INFO  [restartedMain] o.s.d.r.c.RepositoryConfigurationDelegate: Bootstrapping Spring Data Cassandra repositories in DEFAULT mode.
2026-06-06 20:21:47,577 INFO  [restartedMain] o.s.d.r.c.RepositoryConfigurationDelegate: Finished Spring Data repository scanning in 21 ms. Found 1 Cassandra repository interface.
2026-06-06 20:21:48,035 INFO  [restartedMain] o.s.b.w.e.t.TomcatWebServer: Tomcat initialized with port 8080 (http)
2026-06-06 20:21:48,042 INFO  [restartedMain] o.a.j.l.DirectJDKLog: Initializing ProtocolHandler ["http-nio-8080"]
2026-06-06 20:21:48,045 INFO  [restartedMain] o.a.j.l.DirectJDKLog: Starting service [Tomcat]
2026-06-06 20:21:48,046 INFO  [restartedMain] o.a.j.l.DirectJDKLog: Starting Servlet engine: [Apache Tomcat/10.1.30]
2026-06-06 20:21:48,088 INFO  [restartedMain] o.a.j.l.DirectJDKLog: Initializing Spring embedded WebApplicationContext
2026-06-06 20:21:48,088 INFO  [restartedMain] o.s.b.w.s.c.ServletWebServerApplicationContext: Root WebApplicationContext: initialization completed in 1234 ms
2026-06-06 20:21:48,153 INFO  [restartedMain] c.d.o.d.i.c.DefaultMavenCoordinates: Apache Cassandra Java Driver (org.apache.cassandra:java-driver-core) version 4.18.1
2026-06-06 20:21:48,363 INFO  [restartedMain] o.s.b.d.a.OptionalLiveReloadServer: LiveReload server is running on port 35729
2026-06-06 20:21:48,717 INFO  [restartedMain] c.d.o.d.i.c.c.CqlPrepareAsyncProcessor: Adding handler to invalidate cached prepared statements on type changes
2026-06-06 20:21:48,945 INFO  [s0-admin-0] c.d.o.d.i.c.t.Clock: Using native clock for microsecond precision
2026-06-06 20:21:49,668 WARN  [restartedMain] o.s.b.a.s.s.UserDetailsServiceAutoConfiguration: 

Using generated security password: 6ce6c7af-9ee4-4581-babe-c7e4f6284788

This generated password is for development use only. Your security configuration must be updated before running your application in production.

2026-06-06 20:21:49,696 INFO  [restartedMain] o.s.s.c.a.a.c.InitializeUserDetailsBeanManagerConfigurer$InitializeUserDetailsManagerConfigurer: Global AuthenticationManager configured with UserDetailsService bean with name inMemoryUserDetailsManager
2026-06-06 20:21:50,142 INFO  [restartedMain] o.a.j.l.DirectJDKLog: Starting ProtocolHandler ["http-nio-8080"]
2026-06-06 20:21:50,153 INFO  [restartedMain] o.s.b.w.e.t.TomcatWebServer: Tomcat started on port 8080 (http) with context path '/'
2026-06-06 20:21:50,163 INFO  [restartedMain] o.s.b.StartupInfoLogger: Started GoldenhosewarehouseApplication in 4.031 seconds (process running for 4.95)
2026-06-06 20:21:55,774 INFO  [http-nio-8080-exec-2] o.a.j.l.DirectJDKLog: Initializing Spring DispatcherServlet 'dispatcherServlet'
2026-06-06 20:21:55,775 INFO  [http-nio-8080-exec-2] o.s.w.s.FrameworkServlet: Initializing Servlet 'dispatcherServlet'
2026-06-06 20:21:55,777 INFO  [http-nio-8080-exec-2] o.s.w.s.FrameworkServlet: Completed initialization in 2 ms
2026-06-06 20:24:27,658 WARN  [http-nio-8080-exec-3] o.s.w.s.h.AbstractHandlerExceptionResolver: Resolved [org.springframework.http.converter.HttpMessageNotReadableException: JSON parse error: Unrecognized token 'Hi': was expecting (JSON String, Number, Array, Object or token 'null', 'true' or 'false')]
2026-06-06 20:24:39,013 WARN  [http-nio-8080-exec-4] o.s.w.s.h.AbstractHandlerExceptionResolver: Resolved [org.springframework.http.converter.HttpMessageNotReadableException: JSON parse error: Unexpected character ('}' (code 125)): was expecting double-quote to start field name]
2026-06-06 20:24:39,878 WARN  [http-nio-8080-exec-5] o.s.w.s.h.AbstractHandlerExceptionResolver: Resolved [org.springframework.http.converter.HttpMessageNotReadableException: JSON parse error: Unexpected character ('}' (code 125)): was expecting double-quote to start field name]
2026-06-06 20:24:40,047 WARN  [http-nio-8080-exec-6] o.s.w.s.h.AbstractHandlerExceptionResolver: Resolved [org.springframework.http.converter.HttpMessageNotReadableException: JSON parse error: Unexpected character ('}' (code 125)): was expecting double-quote to start field name]
2026-06-06 20:27:32,945 ERROR [http-nio-8080-exec-9] o.a.j.l.DirectJDKLog: Servlet.service() for servlet [dispatcherServlet] in context with path [] threw exception [Request processing failed: org.springframework.data.cassandra.CassandraInvalidQueryException: Query; CQL [SELECT * FROM data_new WHERE asset_id = ? AND data_source_id = ?]; table data_new does not exist] with root cause
com.datastax.oss.driver.api.core.servererrors.InvalidQueryException: table data_new does not exist
	at com.datastax.oss.driver.api.core.servererrors.InvalidQueryException.copy(InvalidQueryException.java:50)
	at com.datastax.oss.driver.internal.core.util.concurrent.CompletableFutures.getUninterruptibly(CompletableFutures.java:151)
	at com.datastax.oss.driver.internal.core.cql.CqlPrepareSyncProcessor.process(CqlPrepareSyncProcessor.java:61)
	at com.datastax.oss.driver.internal.core.cql.CqlPrepareSyncProcessor.process(CqlPrepareSyncProcessor.java:33)
	at com.datastax.oss.driver.internal.core.session.DefaultSession.execute(DefaultSession.java:234)
	at com.datastax.oss.driver.api.core.cql.SyncCqlSession.prepare(SyncCqlSession.java:208)
	at java.base/jdk.internal.reflect.NativeMethodAccessorImpl.invoke0(Native Method)
	at java.base/jdk.internal.reflect.NativeMethodAccessorImpl.invoke(NativeMethodAccessorImpl.java:77)
	at java.base/jdk.internal.reflect.DelegatingMethodAccessorImpl.invoke(DelegatingMethodAccessorImpl.java:43)
	at java.base/java.lang.reflect.Method.invoke(Method.java:568)
	at org.springframework.aop.support.AopUtils.invokeJoinpointUsingReflection(AopUtils.java:355)
	at org.springframework.aop.framework.JdkDynamicAopProxy.invoke(JdkDynamicAopProxy.java:216)
	at jdk.proxy3/jdk.proxy3.$Proxy70.prepare(Unknown Source)
	at org.springframework.data.cassandra.core.cql.SimplePreparedStatementCreator.createPreparedStatement(SimplePreparedStatementCreator.java:64)
	at org.springframework.data.cassandra.core.cql.CqlTemplate.query(CqlTemplate.java:395)
	at org.springframework.data.cassandra.core.cql.CqlTemplate.query(CqlTemplate.java:449)
	at com.example.goldenhosewarehouse.dal.persistence.DataRepositoryImpl.findAll(DataRepositoryImpl.java:41)
	at java.base/jdk.internal.reflect.NativeMethodAccessorImpl.invoke0(Native Method)
	at java.base/jdk.internal.reflect.NativeMethodAccessorImpl.invoke(NativeMethodAccessorImpl.java:77)
	at java.base/jdk.internal.reflect.DelegatingMethodAccessorImpl.invoke(DelegatingMethodAccessorImpl.java:43)
	at java.base/java.lang.reflect.Method.invoke(Method.java:568)
	at org.springframework.aop.support.AopUtils.invokeJoinpointUsingReflection(AopUtils.java:355)
	at org.springframework.aop.framework.ReflectiveMethodInvocation.invokeJoinpoint(ReflectiveMethodInvocation.java:196)
	at org.springframework.aop.framework.ReflectiveMethodInvocation.proceed(ReflectiveMethodInvocation.java:163)
	at org.springframework.aop.framework.CglibAopProxy$CglibMethodInvocation.proceed(CglibAopProxy.java:768)
	at org.springframework.dao.support.PersistenceExceptionTranslationInterceptor.invoke(PersistenceExceptionTranslationInterceptor.java:138)
	at org.springframework.aop.framework.ReflectiveMethodInvocation.proceed(ReflectiveMethodInvocation.java:184)
	at org.springframework.aop.framework.CglibAopProxy$CglibMethodInvocation.proceed(CglibAopProxy.java:768)
	at org.springframework.aop.framework.CglibAopProxy$DynamicAdvisedInterceptor.intercept(CglibAopProxy.java:720)
	at com.example.goldenhosewarehouse.dal.persistence.DataRepositoryImpl$$SpringCGLIB$$0.findAll(<generated>)
	at java.base/jdk.internal.reflect.NativeMethodAccessorImpl.invoke0(Native Method)
	at java.base/jdk.internal.reflect.NativeMethodAccessorImpl.invoke(NativeMethodAccessorImpl.java:77)
	at java.base/jdk.internal.reflect.DelegatingMethodAccessorImpl.invoke(DelegatingMethodAccessorImpl.java:43)
	at java.base/java.lang.reflect.Method.invoke(Method.java:568)
	at org.springframework.aop.support.AopUtils.invokeJoinpointUsingReflection(AopUtils.java:355)
	at org.springframework.data.repository.core.support.RepositoryMethodInvoker$RepositoryFragmentMethodInvoker.lambda$new$0(RepositoryMethodInvoker.java:277)
	at org.springframework.data.repository.core.support.RepositoryMethodInvoker.doInvoke(RepositoryMethodInvoker.java:170)
	at org.springframework.data.repository.core.support.RepositoryMethodInvoker.invoke(RepositoryMethodInvoker.java:158)
	at org.springframework.data.repository.core.support.RepositoryComposition$RepositoryFragments.invoke(RepositoryComposition.java:516)
	at org.springframework.data.repository.core.support.RepositoryComposition.invoke(RepositoryComposition.java:285)
	at org.springframework.data.repository.core.support.RepositoryFactorySupport$ImplementationMethodExecutionInterceptor.invoke(RepositoryFactorySupport.java:628)
	at org.springframework.aop.framework.ReflectiveMethodInvocation.proceed(ReflectiveMethodInvocation.java:184)
	at org.springframework.data.repository.core.support.QueryExecutorMethodInterceptor.doInvoke(QueryExecutorMethodInterceptor.java:173)
	at org.springframework.data.repository.core.support.QueryExecutorMethodInterceptor.invoke(QueryExecutorMethodInterceptor.java:148)
	at org.springframework.aop.framework.ReflectiveMethodInvocation.proceed(ReflectiveMethodInvocation.java:184)
	at org.springframework.data.projection.DefaultMethodInvokingMethodInterceptor.invoke(DefaultMethodInvokingMethodInterceptor.java:70)
	at org.springframework.aop.framework.ReflectiveMethodInvocation.proceed(ReflectiveMethodInvocation.java:184)
	at org.springframework.aop.interceptor.ExposeInvocationInterceptor.invoke(ExposeInvocationInterceptor.java:97)
	at org.springframework.aop.framework.ReflectiveMethodInvocation.proceed(ReflectiveMethodInvocation.java:184)
	at org.springframework.aop.framework.JdkDynamicAopProxy.invoke(JdkDynamicAopProxy.java:223)
	at jdk.proxy3/jdk.proxy3.$Proxy105.findAll(Unknown Source)
	at java.base/jdk.internal.reflect.NativeMethodAccessorImpl.invoke0(Native Method)
	at java.base/jdk.internal.reflect.NativeMethodAccessorImpl.invoke(NativeMethodAccessorImpl.java:77)
	at java.base/jdk.internal.reflect.DelegatingMethodAccessorImpl.invoke(DelegatingMethodAccessorImpl.java:43)
	at java.base/java.lang.reflect.Method.invoke(Method.java:568)
	at org.springframework.aop.support.AopUtils.invokeJoinpointUsingReflection(AopUtils.java:355)
	at org.springframework.aop.framework.ReflectiveMethodInvocation.invokeJoinpoint(ReflectiveMethodInvocation.java:196)
	at org.springframework.aop.framework.ReflectiveMethodInvocation.proceed(ReflectiveMethodInvocation.java:163)
	at org.springframework.dao.support.PersistenceExceptionTranslationInterceptor.invoke(PersistenceExceptionTranslationInterceptor.java:138)
	at org.springframework.aop.framework.ReflectiveMethodInvocation.proceed(ReflectiveMethodInvocation.java:184)
	at org.springframework.aop.framework.JdkDynamicAopProxy.invoke(JdkDynamicAopProxy.java:223)
	at jdk.proxy3/jdk.proxy3.$Proxy105.findAll(Unknown Source)
	at com.example.goldenhosewarehouse.dal.service.impl.DataServiceImpl.getTimeSeries(DataServiceImpl.java:36)
	at com.example.goldenhosewarehouse.api.web.DataController.getTimeSeries(DataController.java:38)
	at java.base/jdk.internal.reflect.NativeMethodAccessorImpl.invoke0(Native Method)
	at java.base/jdk.internal.reflect.NativeMethodAccessorImpl.invoke(NativeMethodAccessorImpl.java:77)
	at java.base/jdk.internal.reflect.DelegatingMethodAccessorImpl.invoke(DelegatingMethodAccessorImpl.java:43)
	at java.base/java.lang.reflect.Method.invoke(Method.java:568)
	at org.springframework.web.method.support.InvocableHandlerMethod.doInvoke(InvocableHandlerMethod.java:255)
	at org.springframework.web.method.support.InvocableHandlerMethod.invokeForRequest(InvocableHandlerMethod.java:188)
	at org.springframework.web.servlet.mvc.method.annotation.ServletInvocableHandlerMethod.invokeAndHandle(ServletInvocableHandlerMethod.java:118)
	at org.springframework.web.servlet.mvc.method.annotation.RequestMappingHandlerAdapter.invokeHandlerMethod(RequestMappingHandlerAdapter.java:926)
	at org.springframework.web.servlet.mvc.method.annotation.RequestMappingHandlerAdapter.handleInternal(RequestMappingHandlerAdapter.java:831)
	at org.springframework.web.servlet.mvc.method.AbstractHandlerMethodAdapter.handle(AbstractHandlerMethodAdapter.java:87)
	at org.springframework.web.servlet.DispatcherServlet.doDispatch(DispatcherServlet.java:1089)
	at org.springframework.web.servlet.DispatcherServlet.doService(DispatcherServlet.java:979)
	at org.springframework.web.servlet.FrameworkServlet.processRequest(FrameworkServlet.java:1014)
	at org.springframework.web.servlet.FrameworkServlet.doGet(FrameworkServlet.java:903)
	at jakarta.servlet.http.HttpServlet.service(HttpServlet.java:564)
	at org.springframework.web.servlet.FrameworkServlet.service(FrameworkServlet.java:885)
	at jakarta.servlet.http.HttpServlet.service(HttpServlet.java:658)
	at org.apache.catalina.core.ApplicationFilterChain.internalDoFilter(ApplicationFilterChain.java:195)
	at org.apache.catalina.core.ApplicationFilterChain.doFilter(ApplicationFilterChain.java:140)
	at org.apache.tomcat.websocket.server.WsFilter.doFilter(WsFilter.java:51)
	at org.apache.catalina.core.ApplicationFilterChain.internalDoFilter(ApplicationFilterChain.java:164)
	at org.apache.catalina.core.ApplicationFilterChain.doFilter(ApplicationFilterChain.java:140)
	at org.springframework.web.filter.CompositeFilter$VirtualFilterChain.doFilter(CompositeFilter.java:108)
	at org.springframework.security.web.FilterChainProxy.lambda$doFilterInternal$3(FilterChainProxy.java:231)
	at org.springframework.security.web.FilterChainProxy$VirtualFilterChain.doFilter(FilterChainProxy.java:365)
	at org.springframework.security.web.access.intercept.AuthorizationFilter.doFilter(AuthorizationFilter.java:100)
	at org.springframework.security.web.FilterChainProxy$VirtualFilterChain.doFilter(FilterChainProxy.java:374)
	at org.springframework.security.web.access.ExceptionTranslationFilter.doFilter(ExceptionTranslationFilter.java:126)
	at org.springframework.security.web.access.ExceptionTranslationFilter.doFilter(ExceptionTranslationFilter.java:120)
	at org.springframework.security.web.FilterChainProxy$VirtualFilterChain.doFilter(FilterChainProxy.java:374)
	at org.springframework.security.web.authentication.AnonymousAuthenticationFilter.doFilter(AnonymousAuthenticationFilter.java:100)
	at org.springframework.security.web.FilterChainProxy$VirtualFilterChain.doFilter(FilterChainProxy.java:374)
	at org.springframework.security.web.servletapi.SecurityContextHolderAwareRequestFilter.doFilter(SecurityContextHolderAwareRequestFilter.java:179)
	at org.springframework.security.web.FilterChainProxy$VirtualFilterChain.doFilter(FilterChainProxy.java:374)
	at org.springframework.security.web.savedrequest.RequestCacheAwareFilter.doFilter(RequestCacheAwareFilter.java:63)
	at org.springframework.security.web.FilterChainProxy$VirtualFilterChain.doFilter(FilterChainProxy.java:374)
	at org.springframework.security.web.authentication.logout.LogoutFilter.doFilter(LogoutFilter.java:107)
	at org.springframework.security.web.authentication.logout.LogoutFilter.doFilter(LogoutFilter.java:93)
	at org.springframework.security.web.FilterChainProxy$VirtualFilterChain.doFilter(FilterChainProxy.java:374)
	at org.springframework.security.web.header.HeaderWriterFilter.doHeadersAfter(HeaderWriterFilter.java:90)
	at org.springframework.security.web.header.HeaderWriterFilter.doFilterInternal(HeaderWriterFilter.java:75)
	at org.springframework.web.filter.OncePerRequestFilter.doFilter(OncePerRequestFilter.java:116)
	at org.springframework.security.web.FilterChainProxy$VirtualFilterChain.doFilter(FilterChainProxy.java:374)
	at org.springframework.security.web.context.SecurityContextHolderFilter.doFilter(SecurityContextHolderFilter.java:82)
	at org.springframework.security.web.context.SecurityContextHolderFilter.doFilter(SecurityContextHolderFilter.java:69)
	at org.springframework.security.web.FilterChainProxy$VirtualFilterChain.doFilter(FilterChainProxy.java:374)
	at org.springframework.security.web.context.request.async.WebAsyncManagerIntegrationFilter.doFilterInternal(WebAsyncManagerIntegrationFilter.java:62)
	at org.springframework.web.filter.OncePerRequestFilter.doFilter(OncePerRequestFilter.java:116)
	at org.springframework.security.web.FilterChainProxy$VirtualFilterChain.doFilter(FilterChainProxy.java:374)
	at org.springframework.security.web.session.DisableEncodeUrlFilter.doFilterInternal(DisableEncodeUrlFilter.java:42)
	at org.springframework.web.filter.OncePerRequestFilter.doFilter(OncePerRequestFilter.java:116)
	at org.springframework.security.web.FilterChainProxy$VirtualFilterChain.doFilter(FilterChainProxy.java:374)
	at org.springframework.security.web.FilterChainProxy.doFilterInternal(FilterChainProxy.java:233)
	at org.springframework.security.web.FilterChainProxy.doFilter(FilterChainProxy.java:191)
	at org.springframework.web.filter.CompositeFilter$VirtualFilterChain.doFilter(CompositeFilter.java:113)
	at org.springframework.web.servlet.handler.HandlerMappingIntrospector.lambda$createCacheFilter$3(HandlerMappingIntrospector.java:195)
	at org.springframework.web.filter.CompositeFilter$VirtualFilterChain.doFilter(CompositeFilter.java:113)
	at org.springframework.web.filter.CompositeFilter.doFilter(CompositeFilter.java:74)
	at org.springframework.security.config.annotation.web.configuration.WebMvcSecurityConfiguration$CompositeFilterChainProxy.doFilter(WebMvcSecurityConfiguration.java:230)
	at org.springframework.web.filter.DelegatingFilterProxy.invokeDelegate(DelegatingFilterProxy.java:352)
	at org.springframework.web.filter.DelegatingFilterProxy.doFilter(DelegatingFilterProxy.java:268)
	at org.apache.catalina.core.ApplicationFilterChain.internalDoFilter(ApplicationFilterChain.java:164)
	at org.apache.catalina.core.ApplicationFilterChain.doFilter(ApplicationFilterChain.java:140)
	at org.springframework.web.filter.RequestContextFilter.doFilterInternal(RequestContextFilter.java:100)
	at org.springframework.web.filter.OncePerRequestFilter.doFilter(OncePerRequestFilter.java:116)
	at org.apache.catalina.core.ApplicationFilterChain.internalDoFilter(ApplicationFilterChain.java:164)
	at org.apache.catalina.core.ApplicationFilterChain.doFilter(ApplicationFilterChain.java:140)
	at org.springframework.web.filter.FormContentFilter.doFilterInternal(FormContentFilter.java:93)
	at org.springframework.web.filter.OncePerRequestFilter.doFilter(OncePerRequestFilter.java:116)
	at org.apache.catalina.core.ApplicationFilterChain.internalDoFilter(ApplicationFilterChain.java:164)
	at org.apache.catalina.core.ApplicationFilterChain.doFilter(ApplicationFilterChain.java:140)
	at org.springframework.web.filter.CharacterEncodingFilter.doFilterInternal(CharacterEncodingFilter.java:201)
	at org.springframework.web.filter.OncePerRequestFilter.doFilter(OncePerRequestFilter.java:116)
	at org.apache.catalina.core.ApplicationFilterChain.internalDoFilter(ApplicationFilterChain.java:164)
	at org.apache.catalina.core.ApplicationFilterChain.doFilter(ApplicationFilterChain.java:140)
	at org.apache.catalina.core.StandardWrapperValve.invoke(StandardWrapperValve.java:167)
	at org.apache.catalina.core.StandardContextValve.invoke(StandardContextValve.java:90)
	at org.apache.catalina.authenticator.AuthenticatorBase.invoke(AuthenticatorBase.java:483)
	at org.apache.catalina.core.StandardHostValve.invoke(StandardHostValve.java:115)
	at org.apache.catalina.valves.ErrorReportValve.invoke(ErrorReportValve.java:93)
	at org.apache.catalina.core.StandardEngineValve.invoke(StandardEngineValve.java:74)
	at org.apache.catalina.connector.CoyoteAdapter.service(CoyoteAdapter.java:344)
	at org.apache.coyote.http11.Http11Processor.service(Http11Processor.java:384)
	at org.apache.coyote.AbstractProcessorLight.process(AbstractProcessorLight.java:63)
	at org.apache.coyote.AbstractProtocol$ConnectionHandler.process(AbstractProtocol.java:905)
	at org.apache.tomcat.util.net.NioEndpoint$SocketProcessor.doRun(NioEndpoint.java:1741)
	at org.apache.tomcat.util.net.SocketProcessorBase.run(SocketProcessorBase.java:52)
	at org.apache.tomcat.util.threads.ThreadPoolExecutor.runWorker(ThreadPoolExecutor.java:1190)
	at org.apache.tomcat.util.threads.ThreadPoolExecutor$Worker.run(ThreadPoolExecutor.java:659)
	at org.apache.tomcat.util.threads.TaskThread$WrappingRunnable.run(TaskThread.java:63)
	at java.base/java.lang.Thread.run(Thread.java:842)
2026-06-06 20:28:28,942 ERROR [http-nio-8080-exec-1] o.a.j.l.DirectJDKLog: Servlet.service() for servlet [dispatcherServlet] in context with path [] threw exception [Request processing failed: org.springframework.data.cassandra.CassandraInvalidQueryException: Query; CQL [SELECT * FROM data_new WHERE asset_id = ? AND data_source_id = ?]; table data_new does not exist] with root cause
com.datastax.oss.driver.api.core.servererrors.InvalidQueryException: table data_new does not exist
	at com.datastax.oss.driver.api.core.servererrors.InvalidQueryException.copy(InvalidQueryException.java:50)
	at com.datastax.oss.driver.internal.core.util.concurrent.CompletableFutures.getUninterruptibly(CompletableFutures.java:151)
	at com.datastax.oss.driver.internal.core.cql.CqlPrepareSyncProcessor.process(CqlPrepareSyncProcessor.java:61)
	at com.datastax.oss.driver.internal.core.cql.CqlPrepareSyncProcessor.process(CqlPrepareSyncProcessor.java:33)
	at com.datastax.oss.driver.internal.core.session.DefaultSession.execute(DefaultSession.java:234)
	at com.datastax.oss.driver.api.core.cql.SyncCqlSession.prepare(SyncCqlSession.java:208)
	at java.base/jdk.internal.reflect.NativeMethodAccessorImpl.invoke0(Native Method)
	at java.base/jdk.internal.reflect.NativeMethodAccessorImpl.invoke(NativeMethodAccessorImpl.java:77)
	at java.base/jdk.internal.reflect.DelegatingMethodAccessorImpl.invoke(DelegatingMethodAccessorImpl.java:43)
	at java.base/java.lang.reflect.Method.invoke(Method.java:568)
	at org.springframework.aop.support.AopUtils.invokeJoinpointUsingReflection(AopUtils.java:355)
	at org.springframework.aop.framework.JdkDynamicAopProxy.invoke(JdkDynamicAopProxy.java:216)
	at jdk.proxy3/jdk.proxy3.$Proxy70.prepare(Unknown Source)
	at org.springframework.data.cassandra.core.cql.SimplePreparedStatementCreator.createPreparedStatement(SimplePreparedStatementCreator.java:64)
	at org.springframework.data.cassandra.core.cql.CqlTemplate.query(CqlTemplate.java:395)
	at org.springframework.data.cassandra.core.cql.CqlTemplate.query(CqlTemplate.java:449)
	at com.example.goldenhosewarehouse.dal.persistence.DataRepositoryImpl.findAll(DataRepositoryImpl.java:41)
	at java.base/jdk.internal.reflect.NativeMethodAccessorImpl.invoke0(Native Method)
	at java.base/jdk.internal.reflect.NativeMethodAccessorImpl.invoke(NativeMethodAccessorImpl.java:77)
	at java.base/jdk.internal.reflect.DelegatingMethodAccessorImpl.invoke(DelegatingMethodAccessorImpl.java:43)
	at java.base/java.lang.reflect.Method.invoke(Method.java:568)
	at org.springframework.aop.support.AopUtils.invokeJoinpointUsingReflection(AopUtils.java:355)
	at org.springframework.aop.framework.ReflectiveMethodInvocation.invokeJoinpoint(ReflectiveMethodInvocation.java:196)
	at org.springframework.aop.framework.ReflectiveMethodInvocation.proceed(ReflectiveMethodInvocation.java:163)
	at org.springframework.aop.framework.CglibAopProxy$CglibMethodInvocation.proceed(CglibAopProxy.java:768)
	at org.springframework.dao.support.PersistenceExceptionTranslationInterceptor.invoke(PersistenceExceptionTranslationInterceptor.java:138)
	at org.springframework.aop.framework.ReflectiveMethodInvocation.proceed(ReflectiveMethodInvocation.java:184)
	at org.springframework.aop.framework.CglibAopProxy$CglibMethodInvocation.proceed(CglibAopProxy.java:768)
	at org.springframework.aop.framework.CglibAopProxy$DynamicAdvisedInterceptor.intercept(CglibAopProxy.java:720)
	at com.example.goldenhosewarehouse.dal.persistence.DataRepositoryImpl$$SpringCGLIB$$0.findAll(<generated>)
	at java.base/jdk.internal.reflect.NativeMethodAccessorImpl.invoke0(Native Method)
	at java.base/jdk.internal.reflect.NativeMethodAccessorImpl.invoke(NativeMethodAccessorImpl.java:77)
	at java.base/jdk.internal.reflect.DelegatingMethodAccessorImpl.invoke(DelegatingMethodAccessorImpl.java:43)
	at java.base/java.lang.reflect.Method.invoke(Method.java:568)
	at org.springframework.aop.support.AopUtils.invokeJoinpointUsingReflection(AopUtils.java:355)
	at org.springframework.data.repository.core.support.RepositoryMethodInvoker$RepositoryFragmentMethodInvoker.lambda$new$0(RepositoryMethodInvoker.java:277)
	at org.springframework.data.repository.core.support.RepositoryMethodInvoker.doInvoke(RepositoryMethodInvoker.java:170)
	at org.springframework.data.repository.core.support.RepositoryMethodInvoker.invoke(RepositoryMethodInvoker.java:158)
	at org.springframework.data.repository.core.support.RepositoryComposition$RepositoryFragments.invoke(RepositoryComposition.java:516)
	at org.springframework.data.repository.core.support.RepositoryComposition.invoke(RepositoryComposition.java:285)
	at org.springframework.data.repository.core.support.RepositoryFactorySupport$ImplementationMethodExecutionInterceptor.invoke(RepositoryFactorySupport.java:628)
	at org.springframework.aop.framework.ReflectiveMethodInvocation.proceed(ReflectiveMethodInvocation.java:184)
	at org.springframework.data.repository.core.support.QueryExecutorMethodInterceptor.doInvoke(QueryExecutorMethodInterceptor.java:173)
	at org.springframework.data.repository.core.support.QueryExecutorMethodInterceptor.invoke(QueryExecutorMethodInterceptor.java:148)
	at org.springframework.aop.framework.ReflectiveMethodInvocation.proceed(ReflectiveMethodInvocation.java:184)
	at org.springframework.data.projection.DefaultMethodInvokingMethodInterceptor.invoke(DefaultMethodInvokingMethodInterceptor.java:70)
	at org.springframework.aop.framework.ReflectiveMethodInvocation.proceed(ReflectiveMethodInvocation.java:184)
	at org.springframework.aop.interceptor.ExposeInvocationInterceptor.invoke(ExposeInvocationInterceptor.java:97)
	at org.springframework.aop.framework.ReflectiveMethodInvocation.proceed(ReflectiveMethodInvocation.java:184)
	at org.springframework.aop.framework.JdkDynamicAopProxy.invoke(JdkDynamicAopProxy.java:223)
	at jdk.proxy3/jdk.proxy3.$Proxy105.findAll(Unknown Source)
	at java.base/jdk.internal.reflect.NativeMethodAccessorImpl.invoke0(Native Method)
	at java.base/jdk.internal.reflect.NativeMethodAccessorImpl.invoke(NativeMethodAccessorImpl.java:77)
	at java.base/jdk.internal.reflect.DelegatingMethodAccessorImpl.invoke(DelegatingMethodAccessorImpl.java:43)
	at java.base/java.lang.reflect.Method.invoke(Method.java:568)
	at org.springframework.aop.support.AopUtils.invokeJoinpointUsingReflection(AopUtils.java:355)
	at org.springframework.aop.framework.ReflectiveMethodInvocation.invokeJoinpoint(ReflectiveMethodInvocation.java:196)
	at org.springframework.aop.framework.ReflectiveMethodInvocation.proceed(ReflectiveMethodInvocation.java:163)
	at org.springframework.dao.support.PersistenceExceptionTranslationInterceptor.invoke(PersistenceExceptionTranslationInterceptor.java:138)
	at org.springframework.aop.framework.ReflectiveMethodInvocation.proceed(ReflectiveMethodInvocation.java:184)
	at org.springframework.aop.framework.JdkDynamicAopProxy.invoke(JdkDynamicAopProxy.java:223)
	at jdk.proxy3/jdk.proxy3.$Proxy105.findAll(Unknown Source)
	at com.example.goldenhosewarehouse.dal.service.impl.DataServiceImpl.getTimeSeries(DataServiceImpl.java:36)
	at com.example.goldenhosewarehouse.api.web.DataController.getTimeSeries(DataController.java:38)
	at java.base/jdk.internal.reflect.NativeMethodAccessorImpl.invoke0(Native Method)
	at java.base/jdk.internal.reflect.NativeMethodAccessorImpl.invoke(NativeMethodAccessorImpl.java:77)
	at java.base/jdk.internal.reflect.DelegatingMethodAccessorImpl.invoke(DelegatingMethodAccessorImpl.java:43)
	at java.base/java.lang.reflect.Method.invoke(Method.java:568)
	at org.springframework.web.method.support.InvocableHandlerMethod.doInvoke(InvocableHandlerMethod.java:255)
	at org.springframework.web.method.support.InvocableHandlerMethod.invokeForRequest(InvocableHandlerMethod.java:188)
	at org.springframework.web.servlet.mvc.method.annotation.ServletInvocableHandlerMethod.invokeAndHandle(ServletInvocableHandlerMethod.java:118)
	at org.springframework.web.servlet.mvc.method.annotation.RequestMappingHandlerAdapter.invokeHandlerMethod(RequestMappingHandlerAdapter.java:926)
	at org.springframework.web.servlet.mvc.method.annotation.RequestMappingHandlerAdapter.handleInternal(RequestMappingHandlerAdapter.java:831)
	at org.springframework.web.servlet.mvc.method.AbstractHandlerMethodAdapter.handle(AbstractHandlerMethodAdapter.java:87)
	at org.springframework.web.servlet.DispatcherServlet.doDispatch(DispatcherServlet.java:1089)
	at org.springframework.web.servlet.DispatcherServlet.doService(DispatcherServlet.java:979)
	at org.springframework.web.servlet.FrameworkServlet.processRequest(FrameworkServlet.java:1014)
	at org.springframework.web.servlet.FrameworkServlet.doGet(FrameworkServlet.java:903)
	at jakarta.servlet.http.HttpServlet.service(HttpServlet.java:564)
	at org.springframework.web.servlet.FrameworkServlet.service(FrameworkServlet.java:885)
	at jakarta.servlet.http.HttpServlet.service(HttpServlet.java:658)
	at org.apache.catalina.core.ApplicationFilterChain.internalDoFilter(ApplicationFilterChain.java:195)
	at org.apache.catalina.core.ApplicationFilterChain.doFilter(ApplicationFilterChain.java:140)
	at org.apache.tomcat.websocket.server.WsFilter.doFilter(WsFilter.java:51)
	at org.apache.catalina.core.ApplicationFilterChain.internalDoFilter(ApplicationFilterChain.java:164)
	at org.apache.catalina.core.ApplicationFilterChain.doFilter(ApplicationFilterChain.java:140)
	at org.springframework.web.filter.CompositeFilter$VirtualFilterChain.doFilter(CompositeFilter.java:108)
	at org.springframework.security.web.FilterChainProxy.lambda$doFilterInternal$3(FilterChainProxy.java:231)
	at org.springframework.security.web.FilterChainProxy$VirtualFilterChain.doFilter(FilterChainProxy.java:365)
	at org.springframework.security.web.access.intercept.AuthorizationFilter.doFilter(AuthorizationFilter.java:100)
	at org.springframework.security.web.FilterChainProxy$VirtualFilterChain.doFilter(FilterChainProxy.java:374)
	at org.springframework.security.web.access.ExceptionTranslationFilter.doFilter(ExceptionTranslationFilter.java:126)
	at org.springframework.security.web.access.ExceptionTranslationFilter.doFilter(ExceptionTranslationFilter.java:120)
	at org.springframework.security.web.FilterChainProxy$VirtualFilterChain.doFilter(FilterChainProxy.java:374)
	at org.springframework.security.web.authentication.AnonymousAuthenticationFilter.doFilter(AnonymousAuthenticationFilter.java:100)
	at org.springframework.security.web.FilterChainProxy$VirtualFilterChain.doFilter(FilterChainProxy.java:374)
	at org.springframework.security.web.servletapi.SecurityContextHolderAwareRequestFilter.doFilter(SecurityContextHolderAwareRequestFilter.java:179)
	at org.springframework.security.web.FilterChainProxy$VirtualFilterChain.doFilter(FilterChainProxy.java:374)
	at org.springframework.security.web.savedrequest.RequestCacheAwareFilter.doFilter(RequestCacheAwareFilter.java:63)
	at org.springframework.security.web.FilterChainProxy$VirtualFilterChain.doFilter(FilterChainProxy.java:374)
	at org.springframework.security.web.authentication.logout.LogoutFilter.doFilter(LogoutFilter.java:107)
	at org.springframework.security.web.authentication.logout.LogoutFilter.doFilter(LogoutFilter.java:93)
	at org.springframework.security.web.FilterChainProxy$VirtualFilterChain.doFilter(FilterChainProxy.java:374)
	at org.springframework.security.web.header.HeaderWriterFilter.doHeadersAfter(HeaderWriterFilter.java:90)
	at org.springframework.security.web.header.HeaderWriterFilter.doFilterInternal(HeaderWriterFilter.java:75)
	at org.springframework.web.filter.OncePerRequestFilter.doFilter(OncePerRequestFilter.java:116)
	at org.springframework.security.web.FilterChainProxy$VirtualFilterChain.doFilter(FilterChainProxy.java:374)
	at org.springframework.security.web.context.SecurityContextHolderFilter.doFilter(SecurityContextHolderFilter.java:82)
	at org.springframework.security.web.context.SecurityContextHolderFilter.doFilter(SecurityContextHolderFilter.java:69)
	at org.springframework.security.web.FilterChainProxy$VirtualFilterChain.doFilter(FilterChainProxy.java:374)
	at org.springframework.security.web.context.request.async.WebAsyncManagerIntegrationFilter.doFilterInternal(WebAsyncManagerIntegrationFilter.java:62)
	at org.springframework.web.filter.OncePerRequestFilter.doFilter(OncePerRequestFilter.java:116)
	at org.springframework.security.web.FilterChainProxy$VirtualFilterChain.doFilter(FilterChainProxy.java:374)
	at org.springframework.security.web.session.DisableEncodeUrlFilter.doFilterInternal(DisableEncodeUrlFilter.java:42)
	at org.springframework.web.filter.OncePerRequestFilter.doFilter(OncePerRequestFilter.java:116)
	at org.springframework.security.web.FilterChainProxy$VirtualFilterChain.doFilter(FilterChainProxy.java:374)
	at org.springframework.security.web.FilterChainProxy.doFilterInternal(FilterChainProxy.java:233)
	at org.springframework.security.web.FilterChainProxy.doFilter(FilterChainProxy.java:191)
	at org.springframework.web.filter.CompositeFilter$VirtualFilterChain.doFilter(CompositeFilter.java:113)
	at org.springframework.web.servlet.handler.HandlerMappingIntrospector.lambda$createCacheFilter$3(HandlerMappingIntrospector.java:195)
	at org.springframework.web.filter.CompositeFilter$VirtualFilterChain.doFilter(CompositeFilter.java:113)
	at org.springframework.web.filter.CompositeFilter.doFilter(CompositeFilter.java:74)
	at org.springframework.security.config.annotation.web.configuration.WebMvcSecurityConfiguration$CompositeFilterChainProxy.doFilter(WebMvcSecurityConfiguration.java:230)
	at org.springframework.web.filter.DelegatingFilterProxy.invokeDelegate(DelegatingFilterProxy.java:352)
	at org.springframework.web.filter.DelegatingFilterProxy.doFilter(DelegatingFilterProxy.java:268)
	at org.apache.catalina.core.ApplicationFilterChain.internalDoFilter(ApplicationFilterChain.java:164)
	at org.apache.catalina.core.ApplicationFilterChain.doFilter(ApplicationFilterChain.java:140)
	at org.springframework.web.filter.RequestContextFilter.doFilterInternal(RequestContextFilter.java:100)
	at org.springframework.web.filter.OncePerRequestFilter.doFilter(OncePerRequestFilter.java:116)
	at org.apache.catalina.core.ApplicationFilterChain.internalDoFilter(ApplicationFilterChain.java:164)
	at org.apache.catalina.core.ApplicationFilterChain.doFilter(ApplicationFilterChain.java:140)
	at org.springframework.web.filter.FormContentFilter.doFilterInternal(FormContentFilter.java:93)
	at org.springframework.web.filter.OncePerRequestFilter.doFilter(OncePerRequestFilter.java:116)
	at org.apache.catalina.core.ApplicationFilterChain.internalDoFilter(ApplicationFilterChain.java:164)
	at org.apache.catalina.core.ApplicationFilterChain.doFilter(ApplicationFilterChain.java:140)
	at org.springframework.web.filter.CharacterEncodingFilter.doFilterInternal(CharacterEncodingFilter.java:201)
	at org.springframework.web.filter.OncePerRequestFilter.doFilter(OncePerRequestFilter.java:116)
	at org.apache.catalina.core.ApplicationFilterChain.internalDoFilter(ApplicationFilterChain.java:164)
	at org.apache.catalina.core.ApplicationFilterChain.doFilter(ApplicationFilterChain.java:140)
	at org.apache.catalina.core.StandardWrapperValve.invoke(StandardWrapperValve.java:167)
	at org.apache.catalina.core.StandardContextValve.invoke(StandardContextValve.java:90)
	at org.apache.catalina.authenticator.AuthenticatorBase.invoke(AuthenticatorBase.java:483)
	at org.apache.catalina.core.StandardHostValve.invoke(StandardHostValve.java:115)
	at org.apache.catalina.valves.ErrorReportValve.invoke(ErrorReportValve.java:93)
	at org.apache.catalina.core.StandardEngineValve.invoke(StandardEngineValve.java:74)
	at org.apache.catalina.connector.CoyoteAdapter.service(CoyoteAdapter.java:344)
	at org.apache.coyote.http11.Http11Processor.service(Http11Processor.java:384)
	at org.apache.coyote.AbstractProcessorLight.process(AbstractProcessorLight.java:63)
	at org.apache.coyote.AbstractProtocol$ConnectionHandler.process(AbstractProtocol.java:905)
	at org.apache.tomcat.util.net.NioEndpoint$SocketProcessor.doRun(NioEndpoint.java:1741)
	at org.apache.tomcat.util.net.SocketProcessorBase.run(SocketProcessorBase.java:52)
	at org.apache.tomcat.util.threads.ThreadPoolExecutor.runWorker(ThreadPoolExecutor.java:1190)
	at org.apache.tomcat.util.threads.ThreadPoolExecutor$Worker.run(ThreadPoolExecutor.java:659)
	at org.apache.tomcat.util.threads.TaskThread$WrappingRunnable.run(TaskThread.java:63)
	at java.base/java.lang.Thread.run(Thread.java:842)
2026-06-06 20:28:42,915 ERROR [http-nio-8080-exec-3] o.a.j.l.DirectJDKLog: Servlet.service() for servlet [dispatcherServlet] in context with path [] threw exception [Request processing failed: org.springframework.data.cassandra.CassandraInvalidQueryException: Query; CQL [SELECT * FROM data_new WHERE asset_id = ? AND data_source_id = ?]; table data_new does not exist] with root cause
com.datastax.oss.driver.api.core.servererrors.InvalidQueryException: table data_new does not exist
	at com.datastax.oss.driver.api.core.servererrors.InvalidQueryException.copy(InvalidQueryException.java:50)
	at com.datastax.oss.driver.internal.core.util.concurrent.CompletableFutures.getUninterruptibly(CompletableFutures.java:151)
	at com.datastax.oss.driver.internal.core.cql.CqlPrepareSyncProcessor.process(CqlPrepareSyncProcessor.java:61)
	at com.datastax.oss.driver.internal.core.cql.CqlPrepareSyncProcessor.process(CqlPrepareSyncProcessor.java:33)
	at com.datastax.oss.driver.internal.core.session.DefaultSession.execute(DefaultSession.java:234)
	at com.datastax.oss.driver.api.core.cql.SyncCqlSession.prepare(SyncCqlSession.java:208)
	at java.base/jdk.internal.reflect.NativeMethodAccessorImpl.invoke0(Native Method)
	at java.base/jdk.internal.reflect.NativeMethodAccessorImpl.invoke(NativeMethodAccessorImpl.java:77)
	at java.base/jdk.internal.reflect.DelegatingMethodAccessorImpl.invoke(DelegatingMethodAccessorImpl.java:43)
	at java.base/java.lang.reflect.Method.invoke(Method.java:568)
	at org.springframework.aop.support.AopUtils.invokeJoinpointUsingReflection(AopUtils.java:355)
	at org.springframework.aop.framework.JdkDynamicAopProxy.invoke(JdkDynamicAopProxy.java:216)
	at jdk.proxy3/jdk.proxy3.$Proxy70.prepare(Unknown Source)
	at org.springframework.data.cassandra.core.cql.SimplePreparedStatementCreator.createPreparedStatement(SimplePreparedStatementCreator.java:64)
	at org.springframework.data.cassandra.core.cql.CqlTemplate.query(CqlTemplate.java:395)
	at org.springframework.data.cassandra.core.cql.CqlTemplate.query(CqlTemplate.java:449)
	at com.example.goldenhosewarehouse.dal.persistence.DataRepositoryImpl.findAll(DataRepositoryImpl.java:41)
	at java.base/jdk.internal.reflect.NativeMethodAccessorImpl.invoke0(Native Method)
	at java.base/jdk.internal.reflect.NativeMethodAccessorImpl.invoke(NativeMethodAccessorImpl.java:77)
	at java.base/jdk.internal.reflect.DelegatingMethodAccessorImpl.invoke(DelegatingMethodAccessorImpl.java:43)
	at java.base/java.lang.reflect.Method.invoke(Method.java:568)
	at org.springframework.aop.support.AopUtils.invokeJoinpointUsingReflection(AopUtils.java:355)
	at org.springframework.aop.framework.ReflectiveMethodInvocation.invokeJoinpoint(ReflectiveMethodInvocation.java:196)
	at org.springframework.aop.framework.ReflectiveMethodInvocation.proceed(ReflectiveMethodInvocation.java:163)
	at org.springframework.aop.framework.CglibAopProxy$CglibMethodInvocation.proceed(CglibAopProxy.java:768)
	at org.springframework.dao.support.PersistenceExceptionTranslationInterceptor.invoke(PersistenceExceptionTranslationInterceptor.java:138)
	at org.springframework.aop.framework.ReflectiveMethodInvocation.proceed(ReflectiveMethodInvocation.java:184)
	at org.springframework.aop.framework.CglibAopProxy$CglibMethodInvocation.proceed(CglibAopProxy.java:768)
	at org.springframework.aop.framework.CglibAopProxy$DynamicAdvisedInterceptor.intercept(CglibAopProxy.java:720)
	at com.example.goldenhosewarehouse.dal.persistence.DataRepositoryImpl$$SpringCGLIB$$0.findAll(<generated>)
	at java.base/jdk.internal.reflect.NativeMethodAccessorImpl.invoke0(Native Method)
	at java.base/jdk.internal.reflect.NativeMethodAccessorImpl.invoke(NativeMethodAccessorImpl.java:77)
	at java.base/jdk.internal.reflect.DelegatingMethodAccessorImpl.invoke(DelegatingMethodAccessorImpl.java:43)
	at java.base/java.lang.reflect.Method.invoke(Method.java:568)
	at org.springframework.aop.support.AopUtils.invokeJoinpointUsingReflection(AopUtils.java:355)
	at org.springframework.data.repository.core.support.RepositoryMethodInvoker$RepositoryFragmentMethodInvoker.lambda$new$0(RepositoryMethodInvoker.java:277)
	at org.springframework.data.repository.core.support.RepositoryMethodInvoker.doInvoke(RepositoryMethodInvoker.java:170)
	at org.springframework.data.repository.core.support.RepositoryMethodInvoker.invoke(RepositoryMethodInvoker.java:158)
	at org.springframework.data.repository.core.support.RepositoryComposition$RepositoryFragments.invoke(RepositoryComposition.java:516)
	at org.springframework.data.repository.core.support.RepositoryComposition.invoke(RepositoryComposition.java:285)
	at org.springframework.data.repository.core.support.RepositoryFactorySupport$ImplementationMethodExecutionInterceptor.invoke(RepositoryFactorySupport.java:628)
	at org.springframework.aop.framework.ReflectiveMethodInvocation.proceed(ReflectiveMethodInvocation.java:184)
	at org.springframework.data.repository.core.support.QueryExecutorMethodInterceptor.doInvoke(QueryExecutorMethodInterceptor.java:173)
	at org.springframework.data.repository.core.support.QueryExecutorMethodInterceptor.invoke(QueryExecutorMethodInterceptor.java:148)
	at org.springframework.aop.framework.ReflectiveMethodInvocation.proceed(ReflectiveMethodInvocation.java:184)
	at org.springframework.data.projection.DefaultMethodInvokingMethodInterceptor.invoke(DefaultMethodInvokingMethodInterceptor.java:70)
	at org.springframework.aop.framework.ReflectiveMethodInvocation.proceed(ReflectiveMethodInvocation.java:184)
	at org.springframework.aop.interceptor.ExposeInvocationInterceptor.invoke(ExposeInvocationInterceptor.java:97)
	at org.springframework.aop.framework.ReflectiveMethodInvocation.proceed(ReflectiveMethodInvocation.java:184)
	at org.springframework.aop.framework.JdkDynamicAopProxy.invoke(JdkDynamicAopProxy.java:223)
	at jdk.proxy3/jdk.proxy3.$Proxy105.findAll(Unknown Source)
	at java.base/jdk.internal.reflect.NativeMethodAccessorImpl.invoke0(Native Method)
	at java.base/jdk.internal.reflect.NativeMethodAccessorImpl.invoke(NativeMethodAccessorImpl.java:77)
	at java.base/jdk.internal.reflect.DelegatingMethodAccessorImpl.invoke(DelegatingMethodAccessorImpl.java:43)
	at java.base/java.lang.reflect.Method.invoke(Method.java:568)
	at org.springframework.aop.support.AopUtils.invokeJoinpointUsingReflection(AopUtils.java:355)
	at org.springframework.aop.framework.ReflectiveMethodInvocation.invokeJoinpoint(ReflectiveMethodInvocation.java:196)
	at org.springframework.aop.framework.ReflectiveMethodInvocation.proceed(ReflectiveMethodInvocation.java:163)
	at org.springframework.dao.support.PersistenceExceptionTranslationInterceptor.invoke(PersistenceExceptionTranslationInterceptor.java:138)
	at org.springframework.aop.framework.ReflectiveMethodInvocation.proceed(ReflectiveMethodInvocation.java:184)
	at org.springframework.aop.framework.JdkDynamicAopProxy.invoke(JdkDynamicAopProxy.java:223)
	at jdk.proxy3/jdk.proxy3.$Proxy105.findAll(Unknown Source)
	at com.example.goldenhosewarehouse.dal.service.impl.DataServiceImpl.getTimeSeries(DataServiceImpl.java:36)
	at com.example.goldenhosewarehouse.api.web.DataController.getTimeSeries(DataController.java:38)
	at java.base/jdk.internal.reflect.NativeMethodAccessorImpl.invoke0(Native Method)
	at java.base/jdk.internal.reflect.NativeMethodAccessorImpl.invoke(NativeMethodAccessorImpl.java:77)
	at java.base/jdk.internal.reflect.DelegatingMethodAccessorImpl.invoke(DelegatingMethodAccessorImpl.java:43)
	at java.base/java.lang.reflect.Method.invoke(Method.java:568)
	at org.springframework.web.method.support.InvocableHandlerMethod.doInvoke(InvocableHandlerMethod.java:255)
	at org.springframework.web.method.support.InvocableHandlerMethod.invokeForRequest(InvocableHandlerMethod.java:188)
	at org.springframework.web.servlet.mvc.method.annotation.ServletInvocableHandlerMethod.invokeAndHandle(ServletInvocableHandlerMethod.java:118)
	at org.springframework.web.servlet.mvc.method.annotation.RequestMappingHandlerAdapter.invokeHandlerMethod(RequestMappingHandlerAdapter.java:926)
	at org.springframework.web.servlet.mvc.method.annotation.RequestMappingHandlerAdapter.handleInternal(RequestMappingHandlerAdapter.java:831)
	at org.springframework.web.servlet.mvc.method.AbstractHandlerMethodAdapter.handle(AbstractHandlerMethodAdapter.java:87)
	at org.springframework.web.servlet.DispatcherServlet.doDispatch(DispatcherServlet.java:1089)
	at org.springframework.web.servlet.DispatcherServlet.doService(DispatcherServlet.java:979)
	at org.springframework.web.servlet.FrameworkServlet.processRequest(FrameworkServlet.java:1014)
	at org.springframework.web.servlet.FrameworkServlet.doGet(FrameworkServlet.java:903)
	at jakarta.servlet.http.HttpServlet.service(HttpServlet.java:564)
	at org.springframework.web.servlet.FrameworkServlet.service(FrameworkServlet.java:885)
	at jakarta.servlet.http.HttpServlet.service(HttpServlet.java:658)
	at org.apache.catalina.core.ApplicationFilterChain.internalDoFilter(ApplicationFilterChain.java:195)
	at org.apache.catalina.core.ApplicationFilterChain.doFilter(ApplicationFilterChain.java:140)
	at org.apache.tomcat.websocket.server.WsFilter.doFilter(WsFilter.java:51)
	at org.apache.catalina.core.ApplicationFilterChain.internalDoFilter(ApplicationFilterChain.java:164)
	at org.apache.catalina.core.ApplicationFilterChain.doFilter(ApplicationFilterChain.java:140)
	at org.springframework.web.filter.CompositeFilter$VirtualFilterChain.doFilter(CompositeFilter.java:108)
	at org.springframework.security.web.FilterChainProxy.lambda$doFilterInternal$3(FilterChainProxy.java:231)
	at org.springframework.security.web.FilterChainProxy$VirtualFilterChain.doFilter(FilterChainProxy.java:365)
	at org.springframework.security.web.access.intercept.AuthorizationFilter.doFilter(AuthorizationFilter.java:100)
	at org.springframework.security.web.FilterChainProxy$VirtualFilterChain.doFilter(FilterChainProxy.java:374)
	at org.springframework.security.web.access.ExceptionTranslationFilter.doFilter(ExceptionTranslationFilter.java:126)
	at org.springframework.security.web.access.ExceptionTranslationFilter.doFilter(ExceptionTranslationFilter.java:120)
	at org.springframework.security.web.FilterChainProxy$VirtualFilterChain.doFilter(FilterChainProxy.java:374)
	at org.springframework.security.web.authentication.AnonymousAuthenticationFilter.doFilter(AnonymousAuthenticationFilter.java:100)
	at org.springframework.security.web.FilterChainProxy$VirtualFilterChain.doFilter(FilterChainProxy.java:374)
	at org.springframework.security.web.servletapi.SecurityContextHolderAwareRequestFilter.doFilter(SecurityContextHolderAwareRequestFilter.java:179)
	at org.springframework.security.web.FilterChainProxy$VirtualFilterChain.doFilter(FilterChainProxy.java:374)
	at org.springframework.security.web.savedrequest.RequestCacheAwareFilter.doFilter(RequestCacheAwareFilter.java:63)
	at org.springframework.security.web.FilterChainProxy$VirtualFilterChain.doFilter(FilterChainProxy.java:374)
	at org.springframework.security.web.authentication.logout.LogoutFilter.doFilter(LogoutFilter.java:107)
	at org.springframework.security.web.authentication.logout.LogoutFilter.doFilter(LogoutFilter.java:93)
	at org.springframework.security.web.FilterChainProxy$VirtualFilterChain.doFilter(FilterChainProxy.java:374)
	at org.springframework.security.web.header.HeaderWriterFilter.doHeadersAfter(HeaderWriterFilter.java:90)
	at org.springframework.security.web.header.HeaderWriterFilter.doFilterInternal(HeaderWriterFilter.java:75)
	at org.springframework.web.filter.OncePerRequestFilter.doFilter(OncePerRequestFilter.java:116)
	at org.springframework.security.web.FilterChainProxy$VirtualFilterChain.doFilter(FilterChainProxy.java:374)
	at org.springframework.security.web.context.SecurityContextHolderFilter.doFilter(SecurityContextHolderFilter.java:82)
	at org.springframework.security.web.context.SecurityContextHolderFilter.doFilter(SecurityContextHolderFilter.java:69)
	at org.springframework.security.web.FilterChainProxy$VirtualFilterChain.doFilter(FilterChainProxy.java:374)
	at org.springframework.security.web.context.request.async.WebAsyncManagerIntegrationFilter.doFilterInternal(WebAsyncManagerIntegrationFilter.java:62)
	at org.springframework.web.filter.OncePerRequestFilter.doFilter(OncePerRequestFilter.java:116)
	at org.springframework.security.web.FilterChainProxy$VirtualFilterChain.doFilter(FilterChainProxy.java:374)
	at org.springframework.security.web.session.DisableEncodeUrlFilter.doFilterInternal(DisableEncodeUrlFilter.java:42)
	at org.springframework.web.filter.OncePerRequestFilter.doFilter(OncePerRequestFilter.java:116)
	at org.springframework.security.web.FilterChainProxy$VirtualFilterChain.doFilter(FilterChainProxy.java:374)
	at org.springframework.security.web.FilterChainProxy.doFilterInternal(FilterChainProxy.java:233)
	at org.springframework.security.web.FilterChainProxy.doFilter(FilterChainProxy.java:191)
	at org.springframework.web.filter.CompositeFilter$VirtualFilterChain.doFilter(CompositeFilter.java:113)
	at org.springframework.web.servlet.handler.HandlerMappingIntrospector.lambda$createCacheFilter$3(HandlerMappingIntrospector.java:195)
	at org.springframework.web.filter.CompositeFilter$VirtualFilterChain.doFilter(CompositeFilter.java:113)
	at org.springframework.web.filter.CompositeFilter.doFilter(CompositeFilter.java:74)
	at org.springframework.security.config.annotation.web.configuration.WebMvcSecurityConfiguration$CompositeFilterChainProxy.doFilter(WebMvcSecurityConfiguration.java:230)
	at org.springframework.web.filter.DelegatingFilterProxy.invokeDelegate(DelegatingFilterProxy.java:352)
	at org.springframework.web.filter.DelegatingFilterProxy.doFilter(DelegatingFilterProxy.java:268)
	at org.apache.catalina.core.ApplicationFilterChain.internalDoFilter(ApplicationFilterChain.java:164)
	at org.apache.catalina.core.ApplicationFilterChain.doFilter(ApplicationFilterChain.java:140)
	at org.springframework.web.filter.RequestContextFilter.doFilterInternal(RequestContextFilter.java:100)
	at org.springframework.web.filter.OncePerRequestFilter.doFilter(OncePerRequestFilter.java:116)
	at org.apache.catalina.core.ApplicationFilterChain.internalDoFilter(ApplicationFilterChain.java:164)
	at org.apache.catalina.core.ApplicationFilterChain.doFilter(ApplicationFilterChain.java:140)
	at org.springframework.web.filter.FormContentFilter.doFilterInternal(FormContentFilter.java:93)
	at org.springframework.web.filter.OncePerRequestFilter.doFilter(OncePerRequestFilter.java:116)
	at org.apache.catalina.core.ApplicationFilterChain.internalDoFilter(ApplicationFilterChain.java:164)
	at org.apache.catalina.core.ApplicationFilterChain.doFilter(ApplicationFilterChain.java:140)
	at org.springframework.web.filter.CharacterEncodingFilter.doFilterInternal(CharacterEncodingFilter.java:201)
	at org.springframework.web.filter.OncePerRequestFilter.doFilter(OncePerRequestFilter.java:116)
	at org.apache.catalina.core.ApplicationFilterChain.internalDoFilter(ApplicationFilterChain.java:164)
	at org.apache.catalina.core.ApplicationFilterChain.doFilter(ApplicationFilterChain.java:140)
	at org.apache.catalina.core.StandardWrapperValve.invoke(StandardWrapperValve.java:167)
	at org.apache.catalina.core.StandardContextValve.invoke(StandardContextValve.java:90)
	at org.apache.catalina.authenticator.AuthenticatorBase.invoke(AuthenticatorBase.java:483)
	at org.apache.catalina.core.StandardHostValve.invoke(StandardHostValve.java:115)
	at org.apache.catalina.valves.ErrorReportValve.invoke(ErrorReportValve.java:93)
	at org.apache.catalina.core.StandardEngineValve.invoke(StandardEngineValve.java:74)
	at org.apache.catalina.connector.CoyoteAdapter.service(CoyoteAdapter.java:344)
	at org.apache.coyote.http11.Http11Processor.service(Http11Processor.java:384)
	at org.apache.coyote.AbstractProcessorLight.process(AbstractProcessorLight.java:63)
	at org.apache.coyote.AbstractProtocol$ConnectionHandler.process(AbstractProtocol.java:905)
	at org.apache.tomcat.util.net.NioEndpoint$SocketProcessor.doRun(NioEndpoint.java:1741)
	at org.apache.tomcat.util.net.SocketProcessorBase.run(SocketProcessorBase.java:52)
	at org.apache.tomcat.util.threads.ThreadPoolExecutor.runWorker(ThreadPoolExecutor.java:1190)
	at org.apache.tomcat.util.threads.ThreadPoolExecutor$Worker.run(ThreadPoolExecutor.java:659)
	at org.apache.tomcat.util.threads.TaskThread$WrappingRunnable.run(TaskThread.java:63)
	at java.base/java.lang.Thread.run(Thread.java:842)
2026-06-06 20:29:30,032 ERROR [http-nio-8080-exec-5] o.a.j.l.DirectJDKLog: Servlet.service() for servlet [dispatcherServlet] in context with path [] threw exception [Request processing failed: org.springframework.data.cassandra.CassandraInvalidQueryException: Query; CQL [SELECT * FROM data_new WHERE asset_id = ? AND data_source_id = ?]; table data_new does not exist] with root cause
com.datastax.oss.driver.api.core.servererrors.InvalidQueryException: table data_new does not exist
	at com.datastax.oss.driver.api.core.servererrors.InvalidQueryException.copy(InvalidQueryException.java:50)
	at com.datastax.oss.driver.internal.core.util.concurrent.CompletableFutures.getUninterruptibly(CompletableFutures.java:151)
	at com.datastax.oss.driver.internal.core.cql.CqlPrepareSyncProcessor.process(CqlPrepareSyncProcessor.java:61)
	at com.datastax.oss.driver.internal.core.cql.CqlPrepareSyncProcessor.process(CqlPrepareSyncProcessor.java:33)
	at com.datastax.oss.driver.internal.core.session.DefaultSession.execute(DefaultSession.java:234)
	at com.datastax.oss.driver.api.core.cql.SyncCqlSession.prepare(SyncCqlSession.java:208)
	at java.base/jdk.internal.reflect.NativeMethodAccessorImpl.invoke0(Native Method)
	at java.base/jdk.internal.reflect.NativeMethodAccessorImpl.invoke(NativeMethodAccessorImpl.java:77)
	at java.base/jdk.internal.reflect.DelegatingMethodAccessorImpl.invoke(DelegatingMethodAccessorImpl.java:43)
	at java.base/java.lang.reflect.Method.invoke(Method.java:568)
	at org.springframework.aop.support.AopUtils.invokeJoinpointUsingReflection(AopUtils.java:355)
	at org.springframework.aop.framework.JdkDynamicAopProxy.invoke(JdkDynamicAopProxy.java:216)
	at jdk.proxy3/jdk.proxy3.$Proxy70.prepare(Unknown Source)
	at org.springframework.data.cassandra.core.cql.SimplePreparedStatementCreator.createPreparedStatement(SimplePreparedStatementCreator.java:64)
	at org.springframework.data.cassandra.core.cql.CqlTemplate.query(CqlTemplate.java:395)
	at org.springframework.data.cassandra.core.cql.CqlTemplate.query(CqlTemplate.java:449)
	at com.example.goldenhosewarehouse.dal.persistence.DataRepositoryImpl.findAll(DataRepositoryImpl.java:41)
	at java.base/jdk.internal.reflect.NativeMethodAccessorImpl.invoke0(Native Method)
	at java.base/jdk.internal.reflect.NativeMethodAccessorImpl.invoke(NativeMethodAccessorImpl.java:77)
	at java.base/jdk.internal.reflect.DelegatingMethodAccessorImpl.invoke(DelegatingMethodAccessorImpl.java:43)
	at java.base/java.lang.reflect.Method.invoke(Method.java:568)
	at org.springframework.aop.support.AopUtils.invokeJoinpointUsingReflection(AopUtils.java:355)
	at org.springframework.aop.framework.ReflectiveMethodInvocation.invokeJoinpoint(ReflectiveMethodInvocation.java:196)
	at org.springframework.aop.framework.ReflectiveMethodInvocation.proceed(ReflectiveMethodInvocation.java:163)
	at org.springframework.aop.framework.CglibAopProxy$CglibMethodInvocation.proceed(CglibAopProxy.java:768)
	at org.springframework.dao.support.PersistenceExceptionTranslationInterceptor.invoke(PersistenceExceptionTranslationInterceptor.java:138)
	at org.springframework.aop.framework.ReflectiveMethodInvocation.proceed(ReflectiveMethodInvocation.java:184)
	at org.springframework.aop.framework.CglibAopProxy$CglibMethodInvocation.proceed(CglibAopProxy.java:768)
	at org.springframework.aop.framework.CglibAopProxy$DynamicAdvisedInterceptor.intercept(CglibAopProxy.java:720)
	at com.example.goldenhosewarehouse.dal.persistence.DataRepositoryImpl$$SpringCGLIB$$0.findAll(<generated>)
	at java.base/jdk.internal.reflect.NativeMethodAccessorImpl.invoke0(Native Method)
	at java.base/jdk.internal.reflect.NativeMethodAccessorImpl.invoke(NativeMethodAccessorImpl.java:77)
	at java.base/jdk.internal.reflect.DelegatingMethodAccessorImpl.invoke(DelegatingMethodAccessorImpl.java:43)
	at java.base/java.lang.reflect.Method.invoke(Method.java:568)
	at org.springframework.aop.support.AopUtils.invokeJoinpointUsingReflection(AopUtils.java:355)
	at org.springframework.data.repository.core.support.RepositoryMethodInvoker$RepositoryFragmentMethodInvoker.lambda$new$0(RepositoryMethodInvoker.java:277)
	at org.springframework.data.repository.core.support.RepositoryMethodInvoker.doInvoke(RepositoryMethodInvoker.java:170)
	at org.springframework.data.repository.core.support.RepositoryMethodInvoker.invoke(RepositoryMethodInvoker.java:158)
	at org.springframework.data.repository.core.support.RepositoryComposition$RepositoryFragments.invoke(RepositoryComposition.java:516)
	at org.springframework.data.repository.core.support.RepositoryComposition.invoke(RepositoryComposition.java:285)
	at org.springframework.data.repository.core.support.RepositoryFactorySupport$ImplementationMethodExecutionInterceptor.invoke(RepositoryFactorySupport.java:628)
	at org.springframework.aop.framework.ReflectiveMethodInvocation.proceed(ReflectiveMethodInvocation.java:184)
	at org.springframework.data.repository.core.support.QueryExecutorMethodInterceptor.doInvoke(QueryExecutorMethodInterceptor.java:173)
	at org.springframework.data.repository.core.support.QueryExecutorMethodInterceptor.invoke(QueryExecutorMethodInterceptor.java:148)
	at org.springframework.aop.framework.ReflectiveMethodInvocation.proceed(ReflectiveMethodInvocation.java:184)
	at org.springframework.data.projection.DefaultMethodInvokingMethodInterceptor.invoke(DefaultMethodInvokingMethodInterceptor.java:70)
	at org.springframework.aop.framework.ReflectiveMethodInvocation.proceed(ReflectiveMethodInvocation.java:184)
	at org.springframework.aop.interceptor.ExposeInvocationInterceptor.invoke(ExposeInvocationInterceptor.java:97)
	at org.springframework.aop.framework.ReflectiveMethodInvocation.proceed(ReflectiveMethodInvocation.java:184)
	at org.springframework.aop.framework.JdkDynamicAopProxy.invoke(JdkDynamicAopProxy.java:223)
	at jdk.proxy3/jdk.proxy3.$Proxy105.findAll(Unknown Source)
	at java.base/jdk.internal.reflect.NativeMethodAccessorImpl.invoke0(Native Method)
	at java.base/jdk.internal.reflect.NativeMethodAccessorImpl.invoke(NativeMethodAccessorImpl.java:77)
	at java.base/jdk.internal.reflect.DelegatingMethodAccessorImpl.invoke(DelegatingMethodAccessorImpl.java:43)
	at java.base/java.lang.reflect.Method.invoke(Method.java:568)
	at org.springframework.aop.support.AopUtils.invokeJoinpointUsingReflection(AopUtils.java:355)
	at org.springframework.aop.framework.ReflectiveMethodInvocation.invokeJoinpoint(ReflectiveMethodInvocation.java:196)
	at org.springframework.aop.framework.ReflectiveMethodInvocation.proceed(ReflectiveMethodInvocation.java:163)
	at org.springframework.dao.support.PersistenceExceptionTranslationInterceptor.invoke(PersistenceExceptionTranslationInterceptor.java:138)
	at org.springframework.aop.framework.ReflectiveMethodInvocation.proceed(ReflectiveMethodInvocation.java:184)
	at org.springframework.aop.framework.JdkDynamicAopProxy.invoke(JdkDynamicAopProxy.java:223)
	at jdk.proxy3/jdk.proxy3.$Proxy105.findAll(Unknown Source)
	at com.example.goldenhosewarehouse.dal.service.impl.DataServiceImpl.getTimeSeries(DataServiceImpl.java:36)
	at com.example.goldenhosewarehouse.api.web.DataController.getTimeSeries(DataController.java:38)
	at java.base/jdk.internal.reflect.NativeMethodAccessorImpl.invoke0(Native Method)
	at java.base/jdk.internal.reflect.NativeMethodAccessorImpl.invoke(NativeMethodAccessorImpl.java:77)
	at java.base/jdk.internal.reflect.DelegatingMethodAccessorImpl.invoke(DelegatingMethodAccessorImpl.java:43)
	at java.base/java.lang.reflect.Method.invoke(Method.java:568)
	at org.springframework.web.method.support.InvocableHandlerMethod.doInvoke(InvocableHandlerMethod.java:255)
	at org.springframework.web.method.support.InvocableHandlerMethod.invokeForRequest(InvocableHandlerMethod.java:188)
	at org.springframework.web.servlet.mvc.method.annotation.ServletInvocableHandlerMethod.invokeAndHandle(ServletInvocableHandlerMethod.java:118)
	at org.springframework.web.servlet.mvc.method.annotation.RequestMappingHandlerAdapter.invokeHandlerMethod(RequestMappingHandlerAdapter.java:926)
	at org.springframework.web.servlet.mvc.method.annotation.RequestMappingHandlerAdapter.handleInternal(RequestMappingHandlerAdapter.java:831)
	at org.springframework.web.servlet.mvc.method.AbstractHandlerMethodAdapter.handle(AbstractHandlerMethodAdapter.java:87)
	at org.springframework.web.servlet.DispatcherServlet.doDispatch(DispatcherServlet.java:1089)
	at org.springframework.web.servlet.DispatcherServlet.doService(DispatcherServlet.java:979)
	at org.springframework.web.servlet.FrameworkServlet.processRequest(FrameworkServlet.java:1014)
	at org.springframework.web.servlet.FrameworkServlet.doGet(FrameworkServlet.java:903)
	at jakarta.servlet.http.HttpServlet.service(HttpServlet.java:564)
	at org.springframework.web.servlet.FrameworkServlet.service(FrameworkServlet.java:885)
	at jakarta.servlet.http.HttpServlet.service(HttpServlet.java:658)
	at org.apache.catalina.core.ApplicationFilterChain.internalDoFilter(ApplicationFilterChain.java:195)
	at org.apache.catalina.core.ApplicationFilterChain.doFilter(ApplicationFilterChain.java:140)
	at org.apache.tomcat.websocket.server.WsFilter.doFilter(WsFilter.java:51)
	at org.apache.catalina.core.ApplicationFilterChain.internalDoFilter(ApplicationFilterChain.java:164)
	at org.apache.catalina.core.ApplicationFilterChain.doFilter(ApplicationFilterChain.java:140)
	at org.springframework.web.filter.CompositeFilter$VirtualFilterChain.doFilter(CompositeFilter.java:108)
	at org.springframework.security.web.FilterChainProxy.lambda$doFilterInternal$3(FilterChainProxy.java:231)
	at org.springframework.security.web.FilterChainProxy$VirtualFilterChain.doFilter(FilterChainProxy.java:365)
	at org.springframework.security.web.access.intercept.AuthorizationFilter.doFilter(AuthorizationFilter.java:100)
	at org.springframework.security.web.FilterChainProxy$VirtualFilterChain.doFilter(FilterChainProxy.java:374)
	at org.springframework.security.web.access.ExceptionTranslationFilter.doFilter(ExceptionTranslationFilter.java:126)
	at org.springframework.security.web.access.ExceptionTranslationFilter.doFilter(ExceptionTranslationFilter.java:120)
	at org.springframework.security.web.FilterChainProxy$VirtualFilterChain.doFilter(FilterChainProxy.java:374)
	at org.springframework.security.web.authentication.AnonymousAuthenticationFilter.doFilter(AnonymousAuthenticationFilter.java:100)
	at org.springframework.security.web.FilterChainProxy$VirtualFilterChain.doFilter(FilterChainProxy.java:374)
	at org.springframework.security.web.servletapi.SecurityContextHolderAwareRequestFilter.doFilter(SecurityContextHolderAwareRequestFilter.java:179)
	at org.springframework.security.web.FilterChainProxy$VirtualFilterChain.doFilter(FilterChainProxy.java:374)
	at org.springframework.security.web.savedrequest.RequestCacheAwareFilter.doFilter(RequestCacheAwareFilter.java:63)
	at org.springframework.security.web.FilterChainProxy$VirtualFilterChain.doFilter(FilterChainProxy.java:374)
	at org.springframework.security.web.authentication.logout.LogoutFilter.doFilter(LogoutFilter.java:107)
	at org.springframework.security.web.authentication.logout.LogoutFilter.doFilter(LogoutFilter.java:93)
	at org.springframework.security.web.FilterChainProxy$VirtualFilterChain.doFilter(FilterChainProxy.java:374)
	at org.springframework.security.web.header.HeaderWriterFilter.doHeadersAfter(HeaderWriterFilter.java:90)
	at org.springframework.security.web.header.HeaderWriterFilter.doFilterInternal(HeaderWriterFilter.java:75)
	at org.springframework.web.filter.OncePerRequestFilter.doFilter(OncePerRequestFilter.java:116)
	at org.springframework.security.web.FilterChainProxy$VirtualFilterChain.doFilter(FilterChainProxy.java:374)
	at org.springframework.security.web.context.SecurityContextHolderFilter.doFilter(SecurityContextHolderFilter.java:82)
	at org.springframework.security.web.context.SecurityContextHolderFilter.doFilter(SecurityContextHolderFilter.java:69)
	at org.springframework.security.web.FilterChainProxy$VirtualFilterChain.doFilter(FilterChainProxy.java:374)
	at org.springframework.security.web.context.request.async.WebAsyncManagerIntegrationFilter.doFilterInternal(WebAsyncManagerIntegrationFilter.java:62)
	at org.springframework.web.filter.OncePerRequestFilter.doFilter(OncePerRequestFilter.java:116)
	at org.springframework.security.web.FilterChainProxy$VirtualFilterChain.doFilter(FilterChainProxy.java:374)
	at org.springframework.security.web.session.DisableEncodeUrlFilter.doFilterInternal(DisableEncodeUrlFilter.java:42)
	at org.springframework.web.filter.OncePerRequestFilter.doFilter(OncePerRequestFilter.java:116)
	at org.springframework.security.web.FilterChainProxy$VirtualFilterChain.doFilter(FilterChainProxy.java:374)
	at org.springframework.security.web.FilterChainProxy.doFilterInternal(FilterChainProxy.java:233)
	at org.springframework.security.web.FilterChainProxy.doFilter(FilterChainProxy.java:191)
	at org.springframework.web.filter.CompositeFilter$VirtualFilterChain.doFilter(CompositeFilter.java:113)
	at org.springframework.web.servlet.handler.HandlerMappingIntrospector.lambda$createCacheFilter$3(HandlerMappingIntrospector.java:195)
	at org.springframework.web.filter.CompositeFilter$VirtualFilterChain.doFilter(CompositeFilter.java:113)
	at org.springframework.web.filter.CompositeFilter.doFilter(CompositeFilter.java:74)
	at org.springframework.security.config.annotation.web.configuration.WebMvcSecurityConfiguration$CompositeFilterChainProxy.doFilter(WebMvcSecurityConfiguration.java:230)
	at org.springframework.web.filter.DelegatingFilterProxy.invokeDelegate(DelegatingFilterProxy.java:352)
	at org.springframework.web.filter.DelegatingFilterProxy.doFilter(DelegatingFilterProxy.java:268)
	at org.apache.catalina.core.ApplicationFilterChain.internalDoFilter(ApplicationFilterChain.java:164)
	at org.apache.catalina.core.ApplicationFilterChain.doFilter(ApplicationFilterChain.java:140)
	at org.springframework.web.filter.RequestContextFilter.doFilterInternal(RequestContextFilter.java:100)
	at org.springframework.web.filter.OncePerRequestFilter.doFilter(OncePerRequestFilter.java:116)
	at org.apache.catalina.core.ApplicationFilterChain.internalDoFilter(ApplicationFilterChain.java:164)
	at org.apache.catalina.core.ApplicationFilterChain.doFilter(ApplicationFilterChain.java:140)
	at org.springframework.web.filter.FormContentFilter.doFilterInternal(FormContentFilter.java:93)
	at org.springframework.web.filter.OncePerRequestFilter.doFilter(OncePerRequestFilter.java:116)
	at org.apache.catalina.core.ApplicationFilterChain.internalDoFilter(ApplicationFilterChain.java:164)
	at org.apache.catalina.core.ApplicationFilterChain.doFilter(ApplicationFilterChain.java:140)
	at org.springframework.web.filter.CharacterEncodingFilter.doFilterInternal(CharacterEncodingFilter.java:201)
	at org.springframework.web.filter.OncePerRequestFilter.doFilter(OncePerRequestFilter.java:116)
	at org.apache.catalina.core.ApplicationFilterChain.internalDoFilter(ApplicationFilterChain.java:164)
	at org.apache.catalina.core.ApplicationFilterChain.doFilter(ApplicationFilterChain.java:140)
	at org.apache.catalina.core.StandardWrapperValve.invoke(StandardWrapperValve.java:167)
	at org.apache.catalina.core.StandardContextValve.invoke(StandardContextValve.java:90)
	at org.apache.catalina.authenticator.AuthenticatorBase.invoke(AuthenticatorBase.java:483)
	at org.apache.catalina.core.StandardHostValve.invoke(StandardHostValve.java:115)
	at org.apache.catalina.valves.ErrorReportValve.invoke(ErrorReportValve.java:93)
	at org.apache.catalina.core.StandardEngineValve.invoke(StandardEngineValve.java:74)
	at org.apache.catalina.connector.CoyoteAdapter.service(CoyoteAdapter.java:344)
	at org.apache.coyote.http11.Http11Processor.service(Http11Processor.java:384)
	at org.apache.coyote.AbstractProcessorLight.process(AbstractProcessorLight.java:63)
	at org.apache.coyote.AbstractProtocol$ConnectionHandler.process(AbstractProtocol.java:905)
	at org.apache.tomcat.util.net.NioEndpoint$SocketProcessor.doRun(NioEndpoint.java:1741)
	at org.apache.tomcat.util.net.SocketProcessorBase.run(SocketProcessorBase.java:52)
	at org.apache.tomcat.util.threads.ThreadPoolExecutor.runWorker(ThreadPoolExecutor.java:1190)
	at org.apache.tomcat.util.threads.ThreadPoolExecutor$Worker.run(ThreadPoolExecutor.java:659)
	at org.apache.tomcat.util.threads.TaskThread$WrappingRunnable.run(TaskThread.java:63)
	at java.base/java.lang.Thread.run(Thread.java:842)
2026-06-06 20:30:32,829 INFO  [restartedMain] o.s.b.StartupInfoLogger: Starting GoldenhosewarehouseApplication using Java 17.0.17 with PID 8628 (E:\Data Journey\Subjects\Data Warehous\project\code\goldenhosewarehouse\goldenhosewarehouse\target\classes started by thbea in E:\Data Journey\Subjects\Data Warehous\project\code\goldenhosewarehouse\goldenhosewarehouse)
2026-06-06 20:30:32,831 INFO  [restartedMain] o.s.b.SpringApplication: No active profile set, falling back to 1 default profile: "default"
2026-06-06 20:30:32,887 INFO  [restartedMain] o.s.b.l.DeferredLog: Devtools property defaults active! Set 'spring.devtools.add-properties' to 'false' to disable
2026-06-06 20:30:32,887 INFO  [restartedMain] o.s.b.l.DeferredLog: For additional web related logging consider setting the 'logging.level.web' property to 'DEBUG'
2026-06-06 20:30:33,642 INFO  [restartedMain] o.s.d.r.c.RepositoryConfigurationDelegate: Bootstrapping Spring Data Reactive Cassandra repositories in DEFAULT mode.
2026-06-06 20:30:33,672 INFO  [restartedMain] o.s.d.r.c.RepositoryConfigurationDelegate: Finished Spring Data repository scanning in 27 ms. Found 0 Reactive Cassandra repository interfaces.
2026-06-06 20:30:33,678 INFO  [restartedMain] o.s.d.r.c.RepositoryConfigurationDelegate: Bootstrapping Spring Data Cassandra repositories in DEFAULT mode.
2026-06-06 20:30:33,702 INFO  [restartedMain] o.s.d.r.c.RepositoryConfigurationDelegate: Finished Spring Data repository scanning in 23 ms. Found 1 Cassandra repository interface.
2026-06-06 20:30:34,172 INFO  [restartedMain] o.s.b.w.e.t.TomcatWebServer: Tomcat initialized with port 8080 (http)
2026-06-06 20:30:34,181 INFO  [restartedMain] o.a.j.l.DirectJDKLog: Initializing ProtocolHandler ["http-nio-8080"]
2026-06-06 20:30:34,185 INFO  [restartedMain] o.a.j.l.DirectJDKLog: Starting service [Tomcat]
2026-06-06 20:30:34,185 INFO  [restartedMain] o.a.j.l.DirectJDKLog: Starting Servlet engine: [Apache Tomcat/10.1.30]
2026-06-06 20:30:34,228 INFO  [restartedMain] o.a.j.l.DirectJDKLog: Initializing Spring embedded WebApplicationContext
2026-06-06 20:30:34,229 INFO  [restartedMain] o.s.b.w.s.c.ServletWebServerApplicationContext: Root WebApplicationContext: initialization completed in 1340 ms
2026-06-06 20:30:34,292 INFO  [restartedMain] c.d.o.d.i.c.DefaultMavenCoordinates: Apache Cassandra Java Driver (org.apache.cassandra:java-driver-core) version 4.18.1
2026-06-06 20:30:34,508 INFO  [restartedMain] o.s.b.d.a.OptionalLiveReloadServer: LiveReload server is running on port 35729
2026-06-06 20:30:34,769 INFO  [restartedMain] c.d.o.d.i.c.c.CqlPrepareAsyncProcessor: Adding handler to invalidate cached prepared statements on type changes
2026-06-06 20:30:34,958 INFO  [s0-admin-0] c.d.o.d.i.c.t.Clock: Using native clock for microsecond precision
2026-06-06 20:30:35,694 WARN  [restartedMain] o.s.b.a.s.s.UserDetailsServiceAutoConfiguration: 

Using generated security password: 39311bbb-f756-49be-87d5-7da71fe9e64f

This generated password is for development use only. Your security configuration must be updated before running your application in production.

2026-06-06 20:30:35,714 INFO  [restartedMain] o.s.s.c.a.a.c.InitializeUserDetailsBeanManagerConfigurer$InitializeUserDetailsManagerConfigurer: Global AuthenticationManager configured with UserDetailsService bean with name inMemoryUserDetailsManager
2026-06-06 20:30:36,095 INFO  [restartedMain] o.a.j.l.DirectJDKLog: Starting ProtocolHandler ["http-nio-8080"]
2026-06-06 20:30:36,106 INFO  [restartedMain] o.s.b.w.e.t.TomcatWebServer: Tomcat started on port 8080 (http) with context path '/'
2026-06-06 20:30:36,115 INFO  [restartedMain] o.s.b.StartupInfoLogger: Started GoldenhosewarehouseApplication in 3.853 seconds (process running for 4.699)
2026-06-06 20:31:16,158 INFO  [http-nio-8080-exec-1] o.a.j.l.DirectJDKLog: Initializing Spring DispatcherServlet 'dispatcherServlet'
2026-06-06 20:31:16,158 INFO  [http-nio-8080-exec-1] o.s.w.s.FrameworkServlet: Initializing Servlet 'dispatcherServlet'
2026-06-06 20:31:16,160 INFO  [http-nio-8080-exec-1] o.s.w.s.FrameworkServlet: Completed initialization in 2 ms
2026-06-06 20:33:02,493 INFO  [restartedMain] o.s.b.StartupInfoLogger: Starting GoldenhosewarehouseApplication using Java 17.0.17 with PID 31772 (E:\Data Journey\Subjects\Data Warehous\project\code\goldenhosewarehouse\goldenhosewarehouse\target\classes started by thbea in E:\Data Journey\Subjects\Data Warehous\project\code\goldenhosewarehouse\goldenhosewarehouse)
2026-06-06 20:33:02,497 INFO  [restartedMain] o.s.b.SpringApplication: No active profile set, falling back to 1 default profile: "default"
2026-06-06 20:33:02,551 INFO  [restartedMain] o.s.b.l.DeferredLog: Devtools property defaults active! Set 'spring.devtools.add-properties' to 'false' to disable
2026-06-06 20:33:02,552 INFO  [restartedMain] o.s.b.l.DeferredLog: For additional web related logging consider setting the 'logging.level.web' property to 'DEBUG'
2026-06-06 20:33:03,381 INFO  [restartedMain] o.s.d.r.c.RepositoryConfigurationDelegate: Bootstrapping Spring Data Reactive Cassandra repositories in DEFAULT mode.
2026-06-06 20:33:03,419 INFO  [restartedMain] o.s.d.r.c.RepositoryConfigurationDelegate: Finished Spring Data repository scanning in 32 ms. Found 0 Reactive Cassandra repository interfaces.
2026-06-06 20:33:03,428 INFO  [restartedMain] o.s.d.r.c.RepositoryConfigurationDelegate: Bootstrapping Spring Data Cassandra repositories in DEFAULT mode.
2026-06-06 20:33:03,454 INFO  [restartedMain] o.s.d.r.c.RepositoryConfigurationDelegate: Finished Spring Data repository scanning in 25 ms. Found 1 Cassandra repository interface.
2026-06-06 20:33:03,952 INFO  [restartedMain] o.s.b.w.e.t.TomcatWebServer: Tomcat initialized with port 8080 (http)
2026-06-06 20:33:03,962 INFO  [restartedMain] o.a.j.l.DirectJDKLog: Initializing ProtocolHandler ["http-nio-8080"]
2026-06-06 20:33:03,964 INFO  [restartedMain] o.a.j.l.DirectJDKLog: Starting service [Tomcat]
2026-06-06 20:33:03,964 INFO  [restartedMain] o.a.j.l.DirectJDKLog: Starting Servlet engine: [Apache Tomcat/10.1.30]
2026-06-06 20:33:04,018 INFO  [restartedMain] o.a.j.l.DirectJDKLog: Initializing Spring embedded WebApplicationContext
2026-06-06 20:33:04,019 INFO  [restartedMain] o.s.b.w.s.c.ServletWebServerApplicationContext: Root WebApplicationContext: initialization completed in 1467 ms
2026-06-06 20:33:04,111 INFO  [restartedMain] c.d.o.d.i.c.DefaultMavenCoordinates: Apache Cassandra Java Driver (org.apache.cassandra:java-driver-core) version 4.18.1
2026-06-06 20:33:04,400 INFO  [restartedMain] o.s.b.d.a.OptionalLiveReloadServer: LiveReload server is running on port 35729
2026-06-06 20:33:04,842 INFO  [restartedMain] c.d.o.d.i.c.c.CqlPrepareAsyncProcessor: Adding handler to invalidate cached prepared statements on type changes
2026-06-06 20:33:05,099 INFO  [s0-admin-0] c.d.o.d.i.c.t.Clock: Using native clock for microsecond precision
2026-06-06 20:33:05,855 WARN  [restartedMain] o.s.b.a.s.s.UserDetailsServiceAutoConfiguration: 

Using generated security password: f1301c8c-e35b-4137-9f2d-971ae60e439a

This generated password is for development use only. Your security configuration must be updated before running your application in production.

2026-06-06 20:33:05,899 INFO  [restartedMain] o.s.s.c.a.a.c.InitializeUserDetailsBeanManagerConfigurer$InitializeUserDetailsManagerConfigurer: Global AuthenticationManager configured with UserDetailsService bean with name inMemoryUserDetailsManager
2026-06-06 20:33:06,411 INFO  [restartedMain] o.a.j.l.DirectJDKLog: Starting ProtocolHandler ["http-nio-8080"]
2026-06-06 20:33:06,424 INFO  [restartedMain] o.s.b.w.e.t.TomcatWebServer: Tomcat started on port 8080 (http) with context path '/'
2026-06-06 20:33:06,434 INFO  [restartedMain] o.s.b.StartupInfoLogger: Started GoldenhosewarehouseApplication in 4.524 seconds (process running for 5.464)
2026-06-06 20:33:22,642 INFO  [http-nio-8080-exec-1] o.a.j.l.DirectJDKLog: Initializing Spring DispatcherServlet 'dispatcherServlet'
2026-06-06 20:33:22,645 INFO  [http-nio-8080-exec-1] o.s.w.s.FrameworkServlet: Initializing Servlet 'dispatcherServlet'
2026-06-06 20:33:22,647 INFO  [http-nio-8080-exec-1] o.s.w.s.FrameworkServlet: Completed initialization in 2 ms
2026-06-06 20:47:18,199 INFO  [restartedMain] o.s.b.StartupInfoLogger: Starting GoldenhosewarehouseApplication using Java 17.0.17 with PID 56452 (E:\Data Journey\Subjects\Data Warehous\project\code\goldenhosewarehouse\goldenhosewarehouse\target\classes started by thbea in E:\Data Journey\Subjects\Data Warehous\project\code\goldenhosewarehouse\goldenhosewarehouse)
2026-06-06 20:47:18,202 INFO  [restartedMain] o.s.b.SpringApplication: No active profile set, falling back to 1 default profile: "default"
2026-06-06 20:47:18,252 INFO  [restartedMain] o.s.b.l.DeferredLog: Devtools property defaults active! Set 'spring.devtools.add-properties' to 'false' to disable
2026-06-06 20:47:18,253 INFO  [restartedMain] o.s.b.l.DeferredLog: For additional web related logging consider setting the 'logging.level.web' property to 'DEBUG'
2026-06-06 20:47:18,924 INFO  [restartedMain] o.s.d.r.c.RepositoryConfigurationDelegate: Bootstrapping Spring Data Reactive Cassandra repositories in DEFAULT mode.
2026-06-06 20:47:18,947 INFO  [restartedMain] o.s.d.r.c.RepositoryConfigurationDelegate: Finished Spring Data repository scanning in 21 ms. Found 0 Reactive Cassandra repository interfaces.
2026-06-06 20:47:18,953 INFO  [restartedMain] o.s.d.r.c.RepositoryConfigurationDelegate: Bootstrapping Spring Data Cassandra repositories in DEFAULT mode.
2026-06-06 20:47:18,971 INFO  [restartedMain] o.s.d.r.c.RepositoryConfigurationDelegate: Finished Spring Data repository scanning in 17 ms. Found 1 Cassandra repository interface.
2026-06-06 20:47:19,334 INFO  [restartedMain] o.s.b.w.e.t.TomcatWebServer: Tomcat initialized with port 8080 (http)
2026-06-06 20:47:19,342 INFO  [restartedMain] o.a.j.l.DirectJDKLog: Initializing ProtocolHandler ["http-nio-8080"]
2026-06-06 20:47:19,345 INFO  [restartedMain] o.a.j.l.DirectJDKLog: Starting service [Tomcat]
2026-06-06 20:47:19,345 INFO  [restartedMain] o.a.j.l.DirectJDKLog: Starting Servlet engine: [Apache Tomcat/10.1.30]
2026-06-06 20:47:19,386 INFO  [restartedMain] o.a.j.l.DirectJDKLog: Initializing Spring embedded WebApplicationContext
2026-06-06 20:47:19,386 INFO  [restartedMain] o.s.b.w.s.c.ServletWebServerApplicationContext: Root WebApplicationContext: initialization completed in 1133 ms
2026-06-06 20:47:19,455 INFO  [restartedMain] c.d.o.d.i.c.DefaultMavenCoordinates: Apache Cassandra Java Driver (org.apache.cassandra:java-driver-core) version 4.18.1
2026-06-06 20:47:19,664 INFO  [restartedMain] o.s.b.d.a.OptionalLiveReloadServer: LiveReload server is running on port 35729
2026-06-06 20:47:19,972 INFO  [restartedMain] c.d.o.d.i.c.c.CqlPrepareAsyncProcessor: Adding handler to invalidate cached prepared statements on type changes
2026-06-06 20:47:20,145 INFO  [s0-admin-0] c.d.o.d.i.c.t.Clock: Using native clock for microsecond precision
2026-06-06 20:47:20,852 WARN  [restartedMain] o.s.b.a.s.s.UserDetailsServiceAutoConfiguration: 

Using generated security password: 7dabcee8-4aa2-444c-b411-0572b401427d

This generated password is for development use only. Your security configuration must be updated before running your application in production.

2026-06-06 20:47:20,871 INFO  [restartedMain] o.s.s.c.a.a.c.InitializeUserDetailsBeanManagerConfigurer$InitializeUserDetailsManagerConfigurer: Global AuthenticationManager configured with UserDetailsService bean with name inMemoryUserDetailsManager
2026-06-06 20:47:21,277 INFO  [restartedMain] o.a.j.l.DirectJDKLog: Starting ProtocolHandler ["http-nio-8080"]
2026-06-06 20:47:21,286 INFO  [restartedMain] o.s.b.w.e.t.TomcatWebServer: Tomcat started on port 8080 (http) with context path '/'
2026-06-06 20:47:21,294 INFO  [restartedMain] o.s.b.StartupInfoLogger: Started GoldenhosewarehouseApplication in 3.523 seconds (process running for 4.346)
2026-06-06 20:47:31,811 INFO  [http-nio-8080-exec-1] o.a.j.l.DirectJDKLog: Initializing Spring DispatcherServlet 'dispatcherServlet'
2026-06-06 20:47:31,812 INFO  [http-nio-8080-exec-1] o.s.w.s.FrameworkServlet: Initializing Servlet 'dispatcherServlet'
2026-06-06 20:47:31,813 INFO  [http-nio-8080-exec-1] o.s.w.s.FrameworkServlet: Completed initialization in 1 ms
2026-06-06 20:49:32,049 INFO  [restartedMain] o.s.b.StartupInfoLogger: Starting GoldenhosewarehouseApplication using Java 17.0.17 with PID 3428 (E:\Data Journey\Subjects\Data Warehous\project\code\goldenhosewarehouse\goldenhosewarehouse\target\classes started by thbea in E:\Data Journey\Subjects\Data Warehous\project\code\goldenhosewarehouse\goldenhosewarehouse)
2026-06-06 20:49:32,054 INFO  [restartedMain] o.s.b.SpringApplication: No active profile set, falling back to 1 default profile: "default"
2026-06-06 20:49:32,105 INFO  [restartedMain] o.s.b.l.DeferredLog: Devtools property defaults active! Set 'spring.devtools.add-properties' to 'false' to disable
2026-06-06 20:49:32,105 INFO  [restartedMain] o.s.b.l.DeferredLog: For additional web related logging consider setting the 'logging.level.web' property to 'DEBUG'
2026-06-06 20:49:32,728 INFO  [restartedMain] o.s.d.r.c.RepositoryConfigurationDelegate: Bootstrapping Spring Data Reactive Cassandra repositories in DEFAULT mode.
2026-06-06 20:49:32,754 INFO  [restartedMain] o.s.d.r.c.RepositoryConfigurationDelegate: Finished Spring Data repository scanning in 23 ms. Found 0 Reactive Cassandra repository interfaces.
2026-06-06 20:49:32,759 INFO  [restartedMain] o.s.d.r.c.RepositoryConfigurationDelegate: Bootstrapping Spring Data Cassandra repositories in DEFAULT mode.
2026-06-06 20:49:32,782 INFO  [restartedMain] o.s.d.r.c.RepositoryConfigurationDelegate: Finished Spring Data repository scanning in 22 ms. Found 1 Cassandra repository interface.
2026-06-06 20:49:33,185 INFO  [restartedMain] o.s.b.w.e.t.TomcatWebServer: Tomcat initialized with port 8080 (http)
2026-06-06 20:49:33,192 INFO  [restartedMain] o.a.j.l.DirectJDKLog: Initializing ProtocolHandler ["http-nio-8080"]
2026-06-06 20:49:33,195 INFO  [restartedMain] o.a.j.l.DirectJDKLog: Starting service [Tomcat]
2026-06-06 20:49:33,195 INFO  [restartedMain] o.a.j.l.DirectJDKLog: Starting Servlet engine: [Apache Tomcat/10.1.30]
2026-06-06 20:49:33,244 INFO  [restartedMain] o.a.j.l.DirectJDKLog: Initializing Spring embedded WebApplicationContext
2026-06-06 20:49:33,244 INFO  [restartedMain] o.s.b.w.s.c.ServletWebServerApplicationContext: Root WebApplicationContext: initialization completed in 1138 ms
2026-06-06 20:49:33,322 INFO  [restartedMain] c.d.o.d.i.c.DefaultMavenCoordinates: Apache Cassandra Java Driver (org.apache.cassandra:java-driver-core) version 4.18.1
2026-06-06 20:49:33,507 INFO  [restartedMain] o.s.b.d.a.OptionalLiveReloadServer: LiveReload server is running on port 35729
2026-06-06 20:49:33,818 INFO  [restartedMain] c.d.o.d.i.c.c.CqlPrepareAsyncProcessor: Adding handler to invalidate cached prepared statements on type changes
2026-06-06 20:49:34,141 INFO  [s0-admin-0] c.d.o.d.i.c.t.Clock: Using native clock for microsecond precision
2026-06-06 20:49:34,730 WARN  [restartedMain] o.s.b.a.s.s.UserDetailsServiceAutoConfiguration: 

Using generated security password: 568209fb-2940-4097-b254-21911ddb096e

This generated password is for development use only. Your security configuration must be updated before running your application in production.

2026-06-06 20:49:34,748 INFO  [restartedMain] o.s.s.c.a.a.c.InitializeUserDetailsBeanManagerConfigurer$InitializeUserDetailsManagerConfigurer: Global AuthenticationManager configured with UserDetailsService bean with name inMemoryUserDetailsManager
2026-06-06 20:49:35,141 INFO  [restartedMain] o.a.j.l.DirectJDKLog: Starting ProtocolHandler ["http-nio-8080"]
2026-06-06 20:49:35,156 INFO  [restartedMain] o.s.b.w.e.t.TomcatWebServer: Tomcat started on port 8080 (http) with context path '/'
2026-06-06 20:49:35,167 INFO  [restartedMain] o.s.b.StartupInfoLogger: Started GoldenhosewarehouseApplication in 3.697 seconds (process running for 4.544)
2026-06-06 20:49:43,820 INFO  [http-nio-8080-exec-1] o.a.j.l.DirectJDKLog: Initializing Spring DispatcherServlet 'dispatcherServlet'
2026-06-06 20:49:43,820 INFO  [http-nio-8080-exec-1] o.s.w.s.FrameworkServlet: Initializing Servlet 'dispatcherServlet'
2026-06-06 20:49:43,823 INFO  [http-nio-8080-exec-1] o.s.w.s.FrameworkServlet: Completed initialization in 1 ms
2026-06-06 21:04:25,197 INFO  [restartedMain] o.s.b.StartupInfoLogger: Starting GoldenhosewarehouseApplication using Java 17.0.17 with PID 25400 (E:\Data Journey\Subjects\Data Warehous\project\code\goldenhosewarehouse\goldenhosewarehouse\target\classes started by thbea in E:\Data Journey\Subjects\Data Warehous\project\code\goldenhosewarehouse\goldenhosewarehouse)
2026-06-06 21:04:25,201 INFO  [restartedMain] o.s.b.SpringApplication: No active profile set, falling back to 1 default profile: "default"
2026-06-06 21:04:25,249 INFO  [restartedMain] o.s.b.l.DeferredLog: Devtools property defaults active! Set 'spring.devtools.add-properties' to 'false' to disable
2026-06-06 21:04:25,249 INFO  [restartedMain] o.s.b.l.DeferredLog: For additional web related logging consider setting the 'logging.level.web' property to 'DEBUG'
2026-06-06 21:04:25,877 INFO  [restartedMain] o.s.d.r.c.RepositoryConfigurationDelegate: Bootstrapping Spring Data Reactive Cassandra repositories in DEFAULT mode.
2026-06-06 21:04:25,906 INFO  [restartedMain] o.s.d.r.c.RepositoryConfigurationDelegate: Finished Spring Data repository scanning in 25 ms. Found 0 Reactive Cassandra repository interfaces.
2026-06-06 21:04:25,911 INFO  [restartedMain] o.s.d.r.c.RepositoryConfigurationDelegate: Bootstrapping Spring Data Cassandra repositories in DEFAULT mode.
2026-06-06 21:04:25,931 INFO  [restartedMain] o.s.d.r.c.RepositoryConfigurationDelegate: Finished Spring Data repository scanning in 19 ms. Found 1 Cassandra repository interface.
2026-06-06 21:04:26,279 INFO  [restartedMain] o.s.b.w.e.t.TomcatWebServer: Tomcat initialized with port 8080 (http)
2026-06-06 21:04:26,285 INFO  [restartedMain] o.a.j.l.DirectJDKLog: Initializing ProtocolHandler ["http-nio-8080"]
2026-06-06 21:04:26,287 INFO  [restartedMain] o.a.j.l.DirectJDKLog: Starting service [Tomcat]
2026-06-06 21:04:26,287 INFO  [restartedMain] o.a.j.l.DirectJDKLog: Starting Servlet engine: [Apache Tomcat/10.1.30]
2026-06-06 21:04:26,326 INFO  [restartedMain] o.a.j.l.DirectJDKLog: Initializing Spring embedded WebApplicationContext
2026-06-06 21:04:26,326 INFO  [restartedMain] o.s.b.w.s.c.ServletWebServerApplicationContext: Root WebApplicationContext: initialization completed in 1076 ms
2026-06-06 21:04:26,387 INFO  [restartedMain] c.d.o.d.i.c.DefaultMavenCoordinates: Apache Cassandra Java Driver (org.apache.cassandra:java-driver-core) version 4.18.1
2026-06-06 21:04:26,583 INFO  [restartedMain] o.s.b.d.a.OptionalLiveReloadServer: LiveReload server is running on port 35729
2026-06-06 21:04:26,854 INFO  [restartedMain] c.d.o.d.i.c.c.CqlPrepareAsyncProcessor: Adding handler to invalidate cached prepared statements on type changes
2026-06-06 21:04:27,025 INFO  [s0-admin-0] c.d.o.d.i.c.t.Clock: Using native clock for microsecond precision
2026-06-06 21:04:27,689 WARN  [restartedMain] o.s.b.a.s.s.UserDetailsServiceAutoConfiguration: 

Using generated security password: 3f21339c-42b4-4ecd-a58d-e02cd2da09cb

This generated password is for development use only. Your security configuration must be updated before running your application in production.

2026-06-06 21:04:27,714 INFO  [restartedMain] o.s.s.c.a.a.c.InitializeUserDetailsBeanManagerConfigurer$InitializeUserDetailsManagerConfigurer: Global AuthenticationManager configured with UserDetailsService bean with name inMemoryUserDetailsManager
2026-06-06 21:04:28,062 INFO  [restartedMain] o.a.j.l.DirectJDKLog: Starting ProtocolHandler ["http-nio-8080"]
2026-06-06 21:04:28,219 INFO  [restartedMain] o.s.b.w.e.t.TomcatWebServer: Tomcat started on port 8080 (http) with context path '/'
2026-06-06 21:04:28,237 INFO  [restartedMain] o.s.b.StartupInfoLogger: Started GoldenhosewarehouseApplication in 3.586 seconds (process running for 4.27)
2026-06-06 21:04:33,038 INFO  [http-nio-8080-exec-1] o.a.j.l.DirectJDKLog: Initializing Spring DispatcherServlet 'dispatcherServlet'
2026-06-06 21:04:33,039 INFO  [http-nio-8080-exec-1] o.s.w.s.FrameworkServlet: Initializing Servlet 'dispatcherServlet'
2026-06-06 21:04:33,041 INFO  [http-nio-8080-exec-1] o.s.w.s.FrameworkServlet: Completed initialization in 2 ms
